year,level_1,level_2,value
2015,Total Residents,0  -  4 Years,183575
2015,Total Residents,5  -  9 Years,204452
2015,Total Residents,10 - 14 Years,214388
2015,Total Residents,15 - 19 Years,242902
2015,Total Residents,20 - 24 Years,264127
2015,Total Residents,25 - 29 Years,271030
2015,Total Residents,30 - 34 Years,290619
2015,Total Residents,35 - 39 Years,301067
2015,Total Residents,40 - 44 Years,316755
2015,Total Residents,45 - 49 Years,303413
2015,Total Residents,50 - 54 Years,315091
2015,Total Residents,55 - 59 Years,295063
2015,Total Residents,60 - 64 Years,240493
2015,Total Residents,65 - 69 Years,182425
2015,Total Residents,70 - 74 Years,102631
2015,Total Residents,75 - 79 Years,81211
2015,Total Residents,80 - 84 Years,51785
2015,Total Residents,85 - 89 Years,27494
2015,Total Residents,65 Years & Over,459715
2015,Total Residents,70 Years & Over,277290
2015,Total Residents,75 Years & Over,174659
2015,Total Residents,80 Years & Over,93448
2015,Total Residents,85 Years & Over,41663
2015,Total Residents,90 Years & Over,14169
2015,Total Male Residents,0  -  4 Years,93852
2015,Total Male Residents,5  -  9 Years,103861
2015,Total Male Residents,10 - 14 Years,109401
2015,Total Male Residents,15 - 19 Years,124287
2015,Total Male Residents,20 - 24 Years,133493
2015,Total Male Residents,25 - 29 Years,132504
2015,Total Male Residents,30 - 34 Years,137847
2015,Total Male Residents,35 - 39 Years,143795
2015,Total Male Residents,40 - 44 Years,154460
2015,Total Male Residents,45 - 49 Years,149607
2015,Total Male Residents,50 - 54 Years,158465
2015,Total Male Residents,55 - 59 Years,147860
2015,Total Male Residents,60 - 64 Years,119660
2015,Total Male Residents,65 - 69 Years,88697
2015,Total Male Residents,70 - 74 Years,47779
2015,Total Male Residents,75 - 79 Years,36126
2015,Total Male Residents,80 - 84 Years,20932
2015,Total Male Residents,85 - 89 Years,9728
2015,Total Male Residents,65 Years & Over,207536
2015,Total Male Residents,70 Years & Over,118839
2015,Total Male Residents,75 Years & Over,71060
2015,Total Male Residents,80 Years & Over,34934
2015,Total Male Residents,85 Years & Over,14002
2015,Total Male Residents,90 Years & Over,4274
2015,Total Female Residents,0  -  4 Years,89723
2015,Total Female Residents,5  -  9 Years,100591
2015,Total Female Residents,10 - 14 Years,104987
2015,Total Female Residents,15 - 19 Years,118615
2015,Total Female Residents,20 - 24 Years,130634
2015,Total Female Residents,25 - 29 Years,138526
2015,Total Female Residents,30 - 34 Years,152772
2015,Total Female Residents,35 - 39 Years,157272
2015,Total Female Residents,40 - 44 Years,162295
2015,Total Female Residents,45 - 49 Years,153806
2015,Total Female Residents,50 - 54 Years,156626
2015,Total Female Residents,55 - 59 Years,147203
2015,Total Female Residents,60 - 64 Years,120833
2015,Total Female Residents,65 - 69 Years,93728
2015,Total Female Residents,70 - 74 Years,54852
2015,Total Female Residents,75 - 79 Years,45085
2015,Total Female Residents,80 - 84 Years,30853
2015,Total Female Residents,85 - 89 Years,17766
2015,Total Female Residents,65 Years & Over,252179
2015,Total Female Residents,70 Years & Over,158451
2015,Total Female Residents,75 Years & Over,103599
2015,Total Female Residents,80 Years & Over,58514
2015,Total Female Residents,85 Years & Over,27661
2015,Total Female Residents,90 Years & Over,9895
2015,Total Malays,0  -  4 Years,31691
2015,Total Malays,5  -  9 Years,32359
2015,Total Malays,10 - 14 Years,36764
2015,Total Malays,15 - 19 Years,43584
2015,Total Malays,20 - 24 Years,48590
2015,Total Malays,25 - 29 Years,44466
2015,Total Malays,30 - 34 Years,37710
2015,Total Malays,35 - 39 Years,29582
2015,Total Malays,40 - 44 Years,32543
2015,Total Malays,45 - 49 Years,37208
2015,Total Malays,50 - 54 Years,43192
2015,Total Malays,55 - 59 Years,36525
2015,Total Malays,60 - 64 Years,26108
2015,Total Malays,65 - 69 Years,17131
2015,Total Malays,70 - 74 Years,8467
2015,Total Malays,75 - 79 Years,7118
2015,Total Malays,80 - 84 Years,4842
2015,Total Malays,85 - 89 Years,2163
2015,Total Malays,65 Years & Over,40601
2015,Total Malays,70 Years & Over,23470
2015,Total Malays,75 Years & Over,15003
2015,Total Malays,80 Years & Over,7885
2015,Total Malays,85 Years & Over,3043
2015,Total Malays,90 Years & Over,880
2015,Total Male Malays,0  -  4 Years,16276
2015,Total Male Malays,5  -  9 Years,16575
2015,Total Male Malays,10 - 14 Years,19016
2015,Total Male Malays,15 - 19 Years,22504
2015,Total Male Malays,20 - 24 Years,25006
2015,Total Male Malays,25 - 29 Years,22571
2015,Total Male Malays,30 - 34 Years,18850
2015,Total Male Malays,35 - 39 Years,14181
2015,Total Male Malays,40 - 44 Years,15801
2015,Total Male Malays,45 - 49 Years,18047
2015,Total Male Malays,50 - 54 Years,21406
2015,Total Male Malays,55 - 59 Years,18189
2015,Total Male Malays,60 - 64 Years,12584
2015,Total Male Malays,65 - 69 Years,8046
2015,Total Male Malays,70 - 74 Years,3721
2015,Total Male Malays,75 - 79 Years,3126
2015,Total Male Malays,80 - 84 Years,1906
2015,Total Male Malays,85 - 89 Years,931
2015,Total Male Malays,65 Years & Over,18102
2015,Total Male Malays,70 Years & Over,10056
2015,Total Male Malays,75 Years & Over,6335
2015,Total Male Malays,80 Years & Over,3209
2015,Total Male Malays,85 Years & Over,1303
2015,Total Male Malays,90 Years & Over,372
2015,Total Female Malays,0  -  4 Years,15415
2015,Total Female Malays,5  -  9 Years,15784
2015,Total Female Malays,10 - 14 Years,17748
2015,Total Female Malays,15 - 19 Years,21080
2015,Total Female Malays,20 - 24 Years,23584
2015,Total Female Malays,25 - 29 Years,21895
2015,Total Female Malays,30 - 34 Years,18860
2015,Total Female Malays,35 - 39 Years,15401
2015,Total Female Malays,40 - 44 Years,16742
2015,Total Female Malays,45 - 49 Years,19161
2015,Total Female Malays,50 - 54 Years,21786
2015,Total Female Malays,55 - 59 Years,18336
2015,Total Female Malays,60 - 64 Years,13524
2015,Total Female Malays,65 - 69 Years,9085
2015,Total Female Malays,70 - 74 Years,4746
2015,Total Female Malays,75 - 79 Years,3992
2015,Total Female Malays,80 - 84 Years,2936
2015,Total Female Malays,85 - 89 Years,1232
2015,Total Female Malays,65 Years & Over,22499
2015,Total Female Malays,70 Years & Over,13414
2015,Total Female Malays,75 Years & Over,8668
2015,Total Female Malays,80 Years & Over,4676
2015,Total Female Malays,85 Years & Over,1740
2015,Total Female Malays,90 Years & Over,508
2015,Total Chinese,0  -  4 Years,127953
2015,Total Chinese,5  -  9 Years,136134
2015,Total Chinese,10 - 14 Years,143109
2015,Total Chinese,15 - 19 Years,168641
2015,Total Chinese,20 - 24 Years,187266
2015,Total Chinese,25 - 29 Years,197951
2015,Total Chinese,30 - 34 Years,211777
2015,Total Chinese,35 - 39 Years,220671
2015,Total Chinese,40 - 44 Years,234287
2015,Total Chinese,45 - 49 Years,224201
2015,Total Chinese,50 - 54 Years,236497
2015,Total Chinese,55 - 59 Years,230757
2015,Total Chinese,60 - 64 Years,194874
2015,Total Chinese,65 - 69 Years,151385
2015,Total Chinese,70 - 74 Years,87310
2015,Total Chinese,75 - 79 Years,68563
2015,Total Chinese,80 - 84 Years,43155
2015,Total Chinese,85 - 89 Years,23250
2015,Total Chinese,65 Years & Over,385889
2015,Total Chinese,70 Years & Over,234504
2015,Total Chinese,75 Years & Over,147194
2015,Total Chinese,80 Years & Over,78631
2015,Total Chinese,85 Years & Over,35476
2015,Total Chinese,90 Years & Over,12226
2015,Total Male Chinese,0  -  4 Years,65896
2015,Total Male Chinese,5  -  9 Years,69716
2015,Total Male Chinese,10 - 14 Years,73335
2015,Total Male Chinese,15 - 19 Years,86728
2015,Total Male Chinese,20 - 24 Years,94775
2015,Total Male Chinese,25 - 29 Years,96831
2015,Total Male Chinese,30 - 34 Years,100938
2015,Total Male Chinese,35 - 39 Years,104242
2015,Total Male Chinese,40 - 44 Years,111298
2015,Total Male Chinese,45 - 49 Years,108315
2015,Total Male Chinese,50 - 54 Years,118039
2015,Total Male Chinese,55 - 59 Years,114879
2015,Total Male Chinese,60 - 64 Years,97035
2015,Total Male Chinese,65 - 69 Years,73661
2015,Total Male Chinese,70 - 74 Years,40737
2015,Total Male Chinese,75 - 79 Years,30617
2015,Total Male Chinese,80 - 84 Years,17255
2015,Total Male Chinese,85 - 89 Years,7720
2015,Total Male Chinese,65 Years & Over,173276
2015,Total Male Chinese,70 Years & Over,99615
2015,Total Male Chinese,75 Years & Over,58878
2015,Total Male Chinese,80 Years & Over,28261
2015,Total Male Chinese,85 Years & Over,11006
2015,Total Male Chinese,90 Years & Over,3286
2015,Total Female Chinese,0  -  4 Years,62057
2015,Total Female Chinese,5  -  9 Years,66418
2015,Total Female Chinese,10 - 14 Years,69774
2015,Total Female Chinese,15 - 19 Years,81913
2015,Total Female Chinese,20 - 24 Years,92491
2015,Total Female Chinese,25 - 29 Years,101120
2015,Total Female Chinese,30 - 34 Years,110839
2015,Total Female Chinese,35 - 39 Years,116429
2015,Total Female Chinese,40 - 44 Years,122989
2015,Total Female Chinese,45 - 49 Years,115886
2015,Total Female Chinese,50 - 54 Years,118458
2015,Total Female Chinese,55 - 59 Years,115878
2015,Total Female Chinese,60 - 64 Years,97839
2015,Total Female Chinese,65 - 69 Years,77724
2015,Total Female Chinese,70 - 74 Years,46573
2015,Total Female Chinese,75 - 79 Years,37946
2015,Total Female Chinese,80 - 84 Years,25900
2015,Total Female Chinese,85 - 89 Years,15530
2015,Total Female Chinese,65 Years & Over,212613
2015,Total Female Chinese,70 Years & Over,134889
2015,Total Female Chinese,75 Years & Over,88316
2015,Total Female Chinese,80 Years & Over,50370
2015,Total Female Chinese,85 Years & Over,24470
2015,Total Female Chinese,90 Years & Over,8940
2015,Total Indians,0  -  4 Years,17434
2015,Total Indians,5  -  9 Years,26269
2015,Total Indians,10 - 14 Years,25175
2015,Total Indians,15 - 19 Years,22689
2015,Total Indians,20 - 24 Years,22501
2015,Total Indians,25 - 29 Years,22662
2015,Total Indians,30 - 34 Years,30273
2015,Total Indians,35 - 39 Years,35478
2015,Total Indians,40 - 44 Years,33534
2015,Total Indians,45 - 49 Years,28684
2015,Total Indians,50 - 54 Years,25955
2015,Total Indians,55 - 59 Years,21646
2015,Total Indians,60 - 64 Years,15647
2015,Total Indians,65 - 69 Years,11230
2015,Total Indians,70 - 74 Years,5626
2015,Total Indians,75 - 79 Years,4517
2015,Total Indians,80 - 84 Years,3097
2015,Total Indians,85 - 89 Years,1688
2015,Total Indians,65 Years & Over,27005
2015,Total Indians,70 Years & Over,15775
2015,Total Indians,75 Years & Over,10149
2015,Total Indians,80 Years & Over,5632
2015,Total Indians,85 Years & Over,2535
2015,Total Indians,90 Years & Over,847
2015,Total Male Indians,0  -  4 Years,8621
2015,Total Male Indians,5  -  9 Years,13032
2015,Total Male Indians,10 - 14 Years,12541
2015,Total Male Indians,15 - 19 Years,11319
2015,Total Male Indians,20 - 24 Years,11125
2015,Total Male Indians,25 - 29 Years,10966
2015,Total Male Indians,30 - 34 Years,14105
2015,Total Male Indians,35 - 39 Years,18689
2015,Total Male Indians,40 - 44 Years,19461
2015,Total Male Indians,45 - 49 Years,16484
2015,Total Male Indians,50 - 54 Years,13913
2015,Total Male Indians,55 - 59 Years,11401
2015,Total Male Indians,60 - 64 Years,7808
2015,Total Male Indians,65 - 69 Years,5412
2015,Total Male Indians,70 - 74 Years,2614
2015,Total Male Indians,75 - 79 Years,1882
2015,Total Male Indians,80 - 84 Years,1468
2015,Total Male Indians,85 - 89 Years,927
2015,Total Male Indians,65 Years & Over,12839
2015,Total Male Indians,70 Years & Over,7427
2015,Total Male Indians,75 Years & Over,4813
2015,Total Male Indians,80 Years & Over,2931
2015,Total Male Indians,85 Years & Over,1463
2015,Total Male Indians,90 Years & Over,536
2015,Total Female Indians,0  -  4 Years,8813
2015,Total Female Indians,5  -  9 Years,13237
2015,Total Female Indians,10 - 14 Years,12634
2015,Total Female Indians,15 - 19 Years,11370
2015,Total Female Indians,20 - 24 Years,11376
2015,Total Female Indians,25 - 29 Years,11696
2015,Total Female Indians,30 - 34 Years,16168
2015,Total Female Indians,35 - 39 Years,16789
2015,Total Female Indians,40 - 44 Years,14073
2015,Total Female Indians,45 - 49 Years,12200
2015,Total Female Indians,50 - 54 Years,12042
2015,Total Female Indians,55 - 59 Years,10245
2015,Total Female Indians,60 - 64 Years,7839
2015,Total Female Indians,65 - 69 Years,5818
2015,Total Female Indians,70 - 74 Years,3012
2015,Total Female Indians,75 - 79 Years,2635
2015,Total Female Indians,80 - 84 Years,1629
2015,Total Female Indians,85 - 89 Years,761
2015,Total Female Indians,65 Years & Over,14166
2015,Total Female Indians,70 Years & Over,8348
2015,Total Female Indians,75 Years & Over,5336
2015,Total Female Indians,80 Years & Over,2701
2015,Total Female Indians,85 Years & Over,1072
2015,Total Female Indians,90 Years & Over,311
2015,Other Ethnic Groups (Total),0  -  4 Years,6497
2015,Other Ethnic Groups (Total),5  -  9 Years,9690
2015,Other Ethnic Groups (Total),10 - 14 Years,9340
2015,Other Ethnic Groups (Total),15 - 19 Years,7988
2015,Other Ethnic Groups (Total),20 - 24 Years,5770
2015,Other Ethnic Groups (Total),25 - 29 Years,5951
2015,Other Ethnic Groups (Total),30 - 34 Years,10859
2015,Other Ethnic Groups (Total),35 - 39 Years,15336
2015,Other Ethnic Groups (Total),40 - 44 Years,16391
2015,Other Ethnic Groups (Total),45 - 49 Years,13320
2015,Other Ethnic Groups (Total),50 - 54 Years,9447
2015,Other Ethnic Groups (Total),55 - 59 Years,6135
2015,Other Ethnic Groups (Total),60 - 64 Years,3864
2015,Other Ethnic Groups (Total),65 - 69 Years,2679
2015,Other Ethnic Groups (Total),70 - 74 Years,1228
2015,Other Ethnic Groups (Total),75 - 79 Years,1013
2015,Other Ethnic Groups (Total),80 - 84 Years,691
2015,Other Ethnic Groups (Total),85 - 89 Years,393
2015,Other Ethnic Groups (Total),65 Years & Over,6220
2015,Other Ethnic Groups (Total),70 Years & Over,3541
2015,Other Ethnic Groups (Total),75 Years & Over,2313
2015,Other Ethnic Groups (Total),80 Years & Over,1300
2015,Other Ethnic Groups (Total),85 Years & Over,609
2015,Other Ethnic Groups (Total),90 Years & Over,216
2015,Other Ethnic Groups (Males),0  -  4 Years,3059
2015,Other Ethnic Groups (Males),5  -  9 Years,4538
2015,Other Ethnic Groups (Males),10 - 14 Years,4509
2015,Other Ethnic Groups (Males),15 - 19 Years,3736
2015,Other Ethnic Groups (Males),20 - 24 Years,2587
2015,Other Ethnic Groups (Males),25 - 29 Years,2136
2015,Other Ethnic Groups (Males),30 - 34 Years,3954
2015,Other Ethnic Groups (Males),35 - 39 Years,6683
2015,Other Ethnic Groups (Males),40 - 44 Years,7900
2015,Other Ethnic Groups (Males),45 - 49 Years,6761
2015,Other Ethnic Groups (Males),50 - 54 Years,5107
2015,Other Ethnic Groups (Males),55 - 59 Years,3391
2015,Other Ethnic Groups (Males),60 - 64 Years,2233
2015,Other Ethnic Groups (Males),65 - 69 Years,1578
2015,Other Ethnic Groups (Males),70 - 74 Years,707
2015,Other Ethnic Groups (Males),75 - 79 Years,501
2015,Other Ethnic Groups (Males),80 - 84 Years,303
2015,Other Ethnic Groups (Males),85 - 89 Years,150
2015,Other Ethnic Groups (Males),65 Years & Over,3319
2015,Other Ethnic Groups (Males),70 Years & Over,1741
2015,Other Ethnic Groups (Males),75 Years & Over,1034
2015,Other Ethnic Groups (Males),80 Years & Over,533
2015,Other Ethnic Groups (Males),85 Years & Over,230
2015,Other Ethnic Groups (Males),90 Years & Over,80
2015,Other Ethnic Groups (Females),0  -  4 Years,3438
2015,Other Ethnic Groups (Females),5  -  9 Years,5152
2015,Other Ethnic Groups (Females),10 - 14 Years,4831
2015,Other Ethnic Groups (Females),15 - 19 Years,4252
2015,Other Ethnic Groups (Females),20 - 24 Years,3183
2015,Other Ethnic Groups (Females),25 - 29 Years,3815
2015,Other Ethnic Groups (Females),30 - 34 Years,6905
2015,Other Ethnic Groups (Females),35 - 39 Years,8653
2015,Other Ethnic Groups (Females),40 - 44 Years,8491
2015,Other Ethnic Groups (Females),45 - 49 Years,6559
2015,Other Ethnic Groups (Females),50 - 54 Years,4340
2015,Other Ethnic Groups (Females),55 - 59 Years,2744
2015,Other Ethnic Groups (Females),60 - 64 Years,1631
2015,Other Ethnic Groups (Females),65 - 69 Years,1101
2015,Other Ethnic Groups (Females),70 - 74 Years,521
2015,Other Ethnic Groups (Females),75 - 79 Years,512
2015,Other Ethnic Groups (Females),80 - 84 Years,388
2015,Other Ethnic Groups (Females),85 - 89 Years,243
2015,Other Ethnic Groups (Females),65 Years & Over,2901
2015,Other Ethnic Groups (Females),70 Years & Over,1800
2015,Other Ethnic Groups (Females),75 Years & Over,1279
2015,Other Ethnic Groups (Females),80 Years & Over,767
2015,Other Ethnic Groups (Females),85 Years & Over,379
2015,Other Ethnic Groups (Females),90 Years & Over,136
2016,Total Residents,0  -  4 Years,187160
2016,Total Residents,5  -  9 Years,201509
2016,Total Residents,10 - 14 Years,207495
2016,Total Residents,15 - 19 Years,239771
2016,Total Residents,20 - 24 Years,260854
2016,Total Residents,25 - 29 Years,279988
2016,Total Residents,30 - 34 Years,285544
2016,Total Residents,35 - 39 Years,301998
2016,Total Residents,40 - 44 Years,313445
2016,Total Residents,45 - 49 Years,301183
2016,Total Residents,50 - 54 Years,315598
2016,Total Residents,55 - 59 Years,299591
2016,Total Residents,60 - 64 Years,251853
2016,Total Residents,65 - 69 Years,198020
2016,Total Residents,70 - 74 Years,103796
2016,Total Residents,75 - 79 Years,87955
2016,Total Residents,80 - 84 Years,53556
2016,Total Residents,85 - 89 Years,29086
2016,Total Residents,65 Years & Over,487570
2016,Total Residents,70 Years & Over,289550
2016,Total Residents,75 Years & Over,185754
2016,Total Residents,80 Years & Over,97799
2016,Total Residents,85 Years & Over,44243
2016,Total Residents,90 Years & Over,15157
2016,Total Male Residents,0  -  4 Years,95678
2016,Total Male Residents,5  -  9 Years,102426
2016,Total Male Residents,10 - 14 Years,105589
2016,Total Male Residents,15 - 19 Years,122911
2016,Total Male Residents,20 - 24 Years,132046
2016,Total Male Residents,25 - 29 Years,137243
2016,Total Male Residents,30 - 34 Years,135596
2016,Total Male Residents,35 - 39 Years,143553
2016,Total Male Residents,40 - 44 Years,152466
2016,Total Male Residents,45 - 49 Years,147517
2016,Total Male Residents,50 - 54 Years,158202
2016,Total Male Residents,55 - 59 Years,150315
2016,Total Male Residents,60 - 64 Years,125130
2016,Total Male Residents,65 - 69 Years,96349
2016,Total Male Residents,70 - 74 Years,48691
2016,Total Male Residents,75 - 79 Years,38976
2016,Total Male Residents,80 - 84 Years,21884
2016,Total Male Residents,85 - 89 Years,10387
2016,Total Male Residents,65 Years & Over,220854
2016,Total Male Residents,70 Years & Over,124505
2016,Total Male Residents,75 Years & Over,75814
2016,Total Male Residents,80 Years & Over,36838
2016,Total Male Residents,85 Years & Over,14954
2016,Total Male Residents,90 Years & Over,4567
2016,Total Female Residents,0  -  4 Years,91482
2016,Total Female Residents,5  -  9 Years,99083
2016,Total Female Residents,10 - 14 Years,101906
2016,Total Female Residents,15 - 19 Years,116860
2016,Total Female Residents,20 - 24 Years,128808
2016,Total Female Residents,25 - 29 Years,142745
2016,Total Female Residents,30 - 34 Years,149948
2016,Total Female Residents,35 - 39 Years,158445
2016,Total Female Residents,40 - 44 Years,160979
2016,Total Female Residents,45 - 49 Years,153666
2016,Total Female Residents,50 - 54 Years,157396
2016,Total Female Residents,55 - 59 Years,149276
2016,Total Female Residents,60 - 64 Years,126723
2016,Total Female Residents,65 - 69 Years,101671
2016,Total Female Residents,70 - 74 Years,55105
2016,Total Female Residents,75 - 79 Years,48979
2016,Total Female Residents,80 - 84 Years,31672
2016,Total Female Residents,85 - 89 Years,18699
2016,Total Female Residents,65 Years & Over,266716
2016,Total Female Residents,70 Years & Over,165045
2016,Total Female Residents,75 Years & Over,109940
2016,Total Female Residents,80 Years & Over,60961
2016,Total Female Residents,85 Years & Over,29289
2016,Total Female Residents,90 Years & Over,10590
2016,Total Malays,0  -  4 Years,33088
2016,Total Malays,5  -  9 Years,31706
2016,Total Malays,10 - 14 Years,35267
2016,Total Malays,15 - 19 Years,42750
2016,Total Malays,20 - 24 Years,47798
2016,Total Malays,25 - 29 Years,46239
2016,Total Malays,30 - 34 Years,38943
2016,Total Malays,35 - 39 Years,30939
2016,Total Malays,40 - 44 Years,31701
2016,Total Malays,45 - 49 Years,35056
2016,Total Malays,50 - 54 Years,43212
2016,Total Malays,55 - 59 Years,38118
2016,Total Malays,60 - 64 Years,28147
2016,Total Malays,65 - 69 Years,18867
2016,Total Malays,70 - 74 Years,8571
2016,Total Malays,75 - 79 Years,7275
2016,Total Malays,80 - 84 Years,5087
2016,Total Malays,85 - 89 Years,2226
2016,Total Malays,65 Years & Over,42924
2016,Total Malays,70 Years & Over,24057
2016,Total Malays,75 Years & Over,15486
2016,Total Malays,80 Years & Over,8211
2016,Total Malays,85 Years & Over,3124
2016,Total Malays,90 Years & Over,898
2016,Total Male Malays,0  -  4 Years,16992
2016,Total Male Malays,5  -  9 Years,16267
2016,Total Male Malays,10 - 14 Years,18121
2016,Total Male Malays,15 - 19 Years,22160
2016,Total Male Malays,20 - 24 Years,24538
2016,Total Male Malays,25 - 29 Years,23559
2016,Total Male Malays,30 - 34 Years,19575
2016,Total Male Malays,35 - 39 Years,14936
2016,Total Male Malays,40 - 44 Years,15354
2016,Total Male Malays,45 - 49 Years,16950
2016,Total Male Malays,50 - 54 Years,21342
2016,Total Male Malays,55 - 59 Years,18982
2016,Total Male Malays,60 - 64 Years,13619
2016,Total Male Malays,65 - 69 Years,8838
2016,Total Male Malays,70 - 74 Years,3806
2016,Total Male Malays,75 - 79 Years,3217
2016,Total Male Malays,80 - 84 Years,1992
2016,Total Male Malays,85 - 89 Years,915
2016,Total Male Malays,65 Years & Over,19169
2016,Total Male Malays,70 Years & Over,10331
2016,Total Male Malays,75 Years & Over,6525
2016,Total Male Malays,80 Years & Over,3308
2016,Total Male Malays,85 Years & Over,1316
2016,Total Male Malays,90 Years & Over,401
2016,Total Female Malays,0  -  4 Years,16096
2016,Total Female Malays,5  -  9 Years,15439
2016,Total Female Malays,10 - 14 Years,17146
2016,Total Female Malays,15 - 19 Years,20590
2016,Total Female Malays,20 - 24 Years,23260
2016,Total Female Malays,25 - 29 Years,22680
2016,Total Female Malays,30 - 34 Years,19368
2016,Total Female Malays,35 - 39 Years,16003
2016,Total Female Malays,40 - 44 Years,16347
2016,Total Female Malays,45 - 49 Years,18106
2016,Total Female Malays,50 - 54 Years,21870
2016,Total Female Malays,55 - 59 Years,19136
2016,Total Female Malays,60 - 64 Years,14528
2016,Total Female Malays,65 - 69 Years,10029
2016,Total Female Malays,70 - 74 Years,4765
2016,Total Female Malays,75 - 79 Years,4058
2016,Total Female Malays,80 - 84 Years,3095
2016,Total Female Malays,85 - 89 Years,1311
2016,Total Female Malays,65 Years & Over,23755
2016,Total Female Malays,70 Years & Over,13726
2016,Total Female Malays,75 Years & Over,8961
2016,Total Female Malays,80 Years & Over,4903
2016,Total Female Malays,85 Years & Over,1808
2016,Total Female Malays,90 Years & Over,497
2016,Total Chinese,0  -  4 Years,130177
2016,Total Chinese,5  -  9 Years,135257
2016,Total Chinese,10 - 14 Years,137225
2016,Total Chinese,15 - 19 Years,165774
2016,Total Chinese,20 - 24 Years,184609
2016,Total Chinese,25 - 29 Years,204843
2016,Total Chinese,30 - 34 Years,208889
2016,Total Chinese,35 - 39 Years,220701
2016,Total Chinese,40 - 44 Years,231775
2016,Total Chinese,45 - 49 Years,223222
2016,Total Chinese,50 - 54 Years,235906
2016,Total Chinese,55 - 59 Years,232481
2016,Total Chinese,60 - 64 Years,202871
2016,Total Chinese,65 - 69 Years,163881
2016,Total Chinese,70 - 74 Years,88238
2016,Total Chinese,75 - 79 Years,74926
2016,Total Chinese,80 - 84 Years,44620
2016,Total Chinese,85 - 89 Years,24662
2016,Total Chinese,65 Years & Over,409442
2016,Total Chinese,70 Years & Over,245561
2016,Total Chinese,75 Years & Over,157323
2016,Total Chinese,80 Years & Over,82397
2016,Total Chinese,85 Years & Over,37777
2016,Total Chinese,90 Years & Over,13115
2016,Total Male Chinese,0  -  4 Years,66943
2016,Total Male Chinese,5  -  9 Years,69259
2016,Total Male Chinese,10 - 14 Years,70290
2016,Total Male Chinese,15 - 19 Years,85383
2016,Total Male Chinese,20 - 24 Years,93681
2016,Total Male Chinese,25 - 29 Years,100380
2016,Total Male Chinese,30 - 34 Years,99734
2016,Total Male Chinese,35 - 39 Years,104108
2016,Total Male Chinese,40 - 44 Years,110080
2016,Total Male Chinese,45 - 49 Years,106909
2016,Total Male Chinese,50 - 54 Years,117173
2016,Total Male Chinese,55 - 59 Years,115891
2016,Total Male Chinese,60 - 64 Years,100764
2016,Total Male Chinese,65 - 69 Years,79855
2016,Total Male Chinese,70 - 74 Years,41479
2016,Total Male Chinese,75 - 79 Years,33270
2016,Total Male Chinese,80 - 84 Years,18180
2016,Total Male Chinese,85 - 89 Years,8372
2016,Total Male Chinese,65 Years & Over,184649
2016,Total Male Chinese,70 Years & Over,104794
2016,Total Male Chinese,75 Years & Over,63315
2016,Total Male Chinese,80 Years & Over,30045
2016,Total Male Chinese,85 Years & Over,11865
2016,Total Male Chinese,90 Years & Over,3493
2016,Total Female Chinese,0  -  4 Years,63234
2016,Total Female Chinese,5  -  9 Years,65998
2016,Total Female Chinese,10 - 14 Years,66935
2016,Total Female Chinese,15 - 19 Years,80391
2016,Total Female Chinese,20 - 24 Years,90928
2016,Total Female Chinese,25 - 29 Years,104463
2016,Total Female Chinese,30 - 34 Years,109155
2016,Total Female Chinese,35 - 39 Years,116593
2016,Total Female Chinese,40 - 44 Years,121695
2016,Total Female Chinese,45 - 49 Years,116313
2016,Total Female Chinese,50 - 54 Years,118733
2016,Total Female Chinese,55 - 59 Years,116590
2016,Total Female Chinese,60 - 64 Years,102107
2016,Total Female Chinese,65 - 69 Years,84026
2016,Total Female Chinese,70 - 74 Years,46759
2016,Total Female Chinese,75 - 79 Years,41656
2016,Total Female Chinese,80 - 84 Years,26440
2016,Total Female Chinese,85 - 89 Years,16290
2016,Total Female Chinese,65 Years & Over,224793
2016,Total Female Chinese,70 Years & Over,140767
2016,Total Female Chinese,75 Years & Over,94008
2016,Total Female Chinese,80 Years & Over,52352
2016,Total Female Chinese,85 Years & Over,25912
2016,Total Female Chinese,90 Years & Over,9622
2016,Total Indians,0  -  4 Years,17312
2016,Total Indians,5  -  9 Years,25415
2016,Total Indians,10 - 14 Years,25676
2016,Total Indians,15 - 19 Years,22939
2016,Total Indians,20 - 24 Years,22438
2016,Total Indians,25 - 29 Years,22787
2016,Total Indians,30 - 34 Years,27781
2016,Total Indians,35 - 39 Years,35342
2016,Total Indians,40 - 44 Years,33829
2016,Total Indians,45 - 49 Years,29035
2016,Total Indians,50 - 54 Years,26523
2016,Total Indians,55 - 59 Years,22471
2016,Total Indians,60 - 64 Years,16676
2016,Total Indians,65 - 69 Years,12372
2016,Total Indians,70 - 74 Years,5710
2016,Total Indians,75 - 79 Years,4715
2016,Total Indians,80 - 84 Years,3171
2016,Total Indians,85 - 89 Years,1756
2016,Total Indians,65 Years & Over,28652
2016,Total Indians,70 Years & Over,16280
2016,Total Indians,75 Years & Over,10570
2016,Total Indians,80 Years & Over,5855
2016,Total Indians,85 Years & Over,2684
2016,Total Indians,90 Years & Over,928
2016,Total Male Indians,0  -  4 Years,8635
2016,Total Male Indians,5  -  9 Years,12637
2016,Total Male Indians,10 - 14 Years,12722
2016,Total Male Indians,15 - 19 Years,11463
2016,Total Male Indians,20 - 24 Years,11125
2016,Total Male Indians,25 - 29 Years,11136
2016,Total Male Indians,30 - 34 Years,12869
2016,Total Male Indians,35 - 39 Years,18172
2016,Total Male Indians,40 - 44 Years,19315
2016,Total Male Indians,45 - 49 Years,16798
2016,Total Male Indians,50 - 54 Years,14316
2016,Total Male Indians,55 - 59 Years,11865
2016,Total Male Indians,60 - 64 Years,8377
2016,Total Male Indians,65 - 69 Years,5945
2016,Total Male Indians,70 - 74 Years,2656
2016,Total Male Indians,75 - 79 Years,1970
2016,Total Male Indians,80 - 84 Years,1408
2016,Total Male Indians,85 - 89 Years,929
2016,Total Male Indians,65 Years & Over,13505
2016,Total Male Indians,70 Years & Over,7560
2016,Total Male Indians,75 Years & Over,4904
2016,Total Male Indians,80 Years & Over,2934
2016,Total Male Indians,85 Years & Over,1526
2016,Total Male Indians,90 Years & Over,597
2016,Total Female Indians,0  -  4 Years,8677
2016,Total Female Indians,5  -  9 Years,12778
2016,Total Female Indians,10 - 14 Years,12954
2016,Total Female Indians,15 - 19 Years,11476
2016,Total Female Indians,20 - 24 Years,11313
2016,Total Female Indians,25 - 29 Years,11651
2016,Total Female Indians,30 - 34 Years,14912
2016,Total Female Indians,35 - 39 Years,17170
2016,Total Female Indians,40 - 44 Years,14514
2016,Total Female Indians,45 - 49 Years,12237
2016,Total Female Indians,50 - 54 Years,12207
2016,Total Female Indians,55 - 59 Years,10606
2016,Total Female Indians,60 - 64 Years,8299
2016,Total Female Indians,65 - 69 Years,6427
2016,Total Female Indians,70 - 74 Years,3054
2016,Total Female Indians,75 - 79 Years,2745
2016,Total Female Indians,80 - 84 Years,1763
2016,Total Female Indians,85 - 89 Years,827
2016,Total Female Indians,65 Years & Over,15147
2016,Total Female Indians,70 Years & Over,8720
2016,Total Female Indians,75 Years & Over,5666
2016,Total Female Indians,80 Years & Over,2921
2016,Total Female Indians,85 Years & Over,1158
2016,Total Female Indians,90 Years & Over,331
2016,Other Ethnic Groups (Total),0  -  4 Years,6583
2016,Other Ethnic Groups (Total),5  -  9 Years,9131
2016,Other Ethnic Groups (Total),10 - 14 Years,9327
2016,Other Ethnic Groups (Total),15 - 19 Years,8308
2016,Other Ethnic Groups (Total),20 - 24 Years,6009
2016,Other Ethnic Groups (Total),25 - 29 Years,6119
2016,Other Ethnic Groups (Total),30 - 34 Years,9931
2016,Other Ethnic Groups (Total),35 - 39 Years,15016
2016,Other Ethnic Groups (Total),40 - 44 Years,16140
2016,Other Ethnic Groups (Total),45 - 49 Years,13870
2016,Other Ethnic Groups (Total),50 - 54 Years,9957
2016,Other Ethnic Groups (Total),55 - 59 Years,6521
2016,Other Ethnic Groups (Total),60 - 64 Years,4159
2016,Other Ethnic Groups (Total),65 - 69 Years,2900
2016,Other Ethnic Groups (Total),70 - 74 Years,1277
2016,Other Ethnic Groups (Total),75 - 79 Years,1039
2016,Other Ethnic Groups (Total),80 - 84 Years,678
2016,Other Ethnic Groups (Total),85 - 89 Years,442
2016,Other Ethnic Groups (Total),65 Years & Over,6552
2016,Other Ethnic Groups (Total),70 Years & Over,3652
2016,Other Ethnic Groups (Total),75 Years & Over,2375
2016,Other Ethnic Groups (Total),80 Years & Over,1336
2016,Other Ethnic Groups (Total),85 Years & Over,658
2016,Other Ethnic Groups (Total),90 Years & Over,216
2016,Other Ethnic Groups (Males),0  -  4 Years,3108
2016,Other Ethnic Groups (Males),5  -  9 Years,4263
2016,Other Ethnic Groups (Males),10 - 14 Years,4456
2016,Other Ethnic Groups (Males),15 - 19 Years,3905
2016,Other Ethnic Groups (Males),20 - 24 Years,2702
2016,Other Ethnic Groups (Males),25 - 29 Years,2168
2016,Other Ethnic Groups (Males),30 - 34 Years,3418
2016,Other Ethnic Groups (Males),35 - 39 Years,6337
2016,Other Ethnic Groups (Males),40 - 44 Years,7717
2016,Other Ethnic Groups (Males),45 - 49 Years,6860
2016,Other Ethnic Groups (Males),50 - 54 Years,5371
2016,Other Ethnic Groups (Males),55 - 59 Years,3577
2016,Other Ethnic Groups (Males),60 - 64 Years,2370
2016,Other Ethnic Groups (Males),65 - 69 Years,1711
2016,Other Ethnic Groups (Males),70 - 74 Years,750
2016,Other Ethnic Groups (Males),75 - 79 Years,519
2016,Other Ethnic Groups (Males),80 - 84 Years,304
2016,Other Ethnic Groups (Males),85 - 89 Years,171
2016,Other Ethnic Groups (Males),65 Years & Over,3531
2016,Other Ethnic Groups (Males),70 Years & Over,1820
2016,Other Ethnic Groups (Males),75 Years & Over,1070
2016,Other Ethnic Groups (Males),80 Years & Over,551
2016,Other Ethnic Groups (Males),85 Years & Over,247
2016,Other Ethnic Groups (Males),90 Years & Over,76
2016,Other Ethnic Groups (Females),0  -  4 Years,3475
2016,Other Ethnic Groups (Females),5  -  9 Years,4868
2016,Other Ethnic Groups (Females),10 - 14 Years,4871
2016,Other Ethnic Groups (Females),15 - 19 Years,4403
2016,Other Ethnic Groups (Females),20 - 24 Years,3307
2016,Other Ethnic Groups (Females),25 - 29 Years,3951
2016,Other Ethnic Groups (Females),30 - 34 Years,6513
2016,Other Ethnic Groups (Females),35 - 39 Years,8679
2016,Other Ethnic Groups (Females),40 - 44 Years,8423
2016,Other Ethnic Groups (Females),45 - 49 Years,7010
2016,Other Ethnic Groups (Females),50 - 54 Years,4586
2016,Other Ethnic Groups (Females),55 - 59 Years,2944
2016,Other Ethnic Groups (Females),60 - 64 Years,1789
2016,Other Ethnic Groups (Females),65 - 69 Years,1189
2016,Other Ethnic Groups (Females),70 - 74 Years,527
2016,Other Ethnic Groups (Females),75 - 79 Years,520
2016,Other Ethnic Groups (Females),80 - 84 Years,374
2016,Other Ethnic Groups (Females),85 - 89 Years,271
2016,Other Ethnic Groups (Females),65 Years & Over,3021
2016,Other Ethnic Groups (Females),70 Years & Over,1832
2016,Other Ethnic Groups (Females),75 Years & Over,1305
2016,Other Ethnic Groups (Females),80 Years & Over,785
2016,Other Ethnic Groups (Females),85 Years & Over,411
2016,Other Ethnic Groups (Females),90 Years & Over,140
2017,Total Residents,0  -  4 Years,187653
2017,Total Residents,5  -  9 Years,200575
2017,Total Residents,10 - 14 Years,206253
2017,Total Residents,15 - 19 Years,232973
2017,Total Residents,20 - 24 Years,259072
2017,Total Residents,25 - 29 Years,290198
2017,Total Residents,30 - 34 Years,279340
2017,Total Residents,35 - 39 Years,300956
2017,Total Residents,40 - 44 Years,311484
2017,Total Residents,45 - 49 Years,303457
2017,Total Residents,50 - 54 Years,312814
2017,Total Residents,55 - 59 Years,301678
2017,Total Residents,60 - 64 Years,262651
2017,Total Residents,65 - 69 Years,203969
2017,Total Residents,70 - 74 Years,119494
2017,Total Residents,75 - 79 Years,91953
2017,Total Residents,80 - 84 Years,54341
2017,Total Residents,85 - 89 Years,30481
2017,Total Residents,65 Years & Over,516692
2017,Total Residents,70 Years & Over,312723
2017,Total Residents,75 Years & Over,193229
2017,Total Residents,80 Years & Over,101276
2017,Total Residents,85 Years & Over,46935
2017,Total Residents,90 Years & Over,16454
2017,Total Male Residents,0  -  4 Years,96041
2017,Total Male Residents,5  -  9 Years,102010
2017,Total Male Residents,10 - 14 Years,104885
2017,Total Male Residents,15 - 19 Years,119500
2017,Total Male Residents,20 - 24 Years,131825
2017,Total Male Residents,25 - 29 Years,142427
2017,Total Male Residents,30 - 34 Years,132378
2017,Total Male Residents,35 - 39 Years,142776
2017,Total Male Residents,40 - 44 Years,150641
2017,Total Male Residents,45 - 49 Years,148095
2017,Total Male Residents,50 - 54 Years,156386
2017,Total Male Residents,55 - 59 Years,151320
2017,Total Male Residents,60 - 64 Years,130589
2017,Total Male Residents,65 - 69 Years,99351
2017,Total Male Residents,70 - 74 Years,56463
2017,Total Male Residents,75 - 79 Years,40524
2017,Total Male Residents,80 - 84 Years,22400
2017,Total Male Residents,85 - 89 Years,10989
2017,Total Male Residents,65 Years & Over,234672
2017,Total Male Residents,70 Years & Over,135321
2017,Total Male Residents,75 Years & Over,78858
2017,Total Male Residents,80 Years & Over,38334
2017,Total Male Residents,85 Years & Over,15934
2017,Total Male Residents,90 Years & Over,4945
2017,Total Female Residents,0  -  4 Years,91612
2017,Total Female Residents,5  -  9 Years,98565
2017,Total Female Residents,10 - 14 Years,101368
2017,Total Female Residents,15 - 19 Years,113473
2017,Total Female Residents,20 - 24 Years,127247
2017,Total Female Residents,25 - 29 Years,147771
2017,Total Female Residents,30 - 34 Years,146962
2017,Total Female Residents,35 - 39 Years,158180
2017,Total Female Residents,40 - 44 Years,160843
2017,Total Female Residents,45 - 49 Years,155362
2017,Total Female Residents,50 - 54 Years,156428
2017,Total Female Residents,55 - 59 Years,150358
2017,Total Female Residents,60 - 64 Years,132062
2017,Total Female Residents,65 - 69 Years,104618
2017,Total Female Residents,70 - 74 Years,63031
2017,Total Female Residents,75 - 79 Years,51429
2017,Total Female Residents,80 - 84 Years,31941
2017,Total Female Residents,85 - 89 Years,19492
2017,Total Female Residents,65 Years & Over,282020
2017,Total Female Residents,70 Years & Over,177402
2017,Total Female Residents,75 Years & Over,114371
2017,Total Female Residents,80 Years & Over,62942
2017,Total Female Residents,85 Years & Over,31001
2017,Total Female Residents,90 Years & Over,11509
2017,Total Malays,0  -  4 Years,34561
2017,Total Malays,5  -  9 Years,31212
2017,Total Malays,10 - 14 Years,34079
2017,Total Malays,15 - 19 Years,41735
2017,Total Malays,20 - 24 Years,46888
2017,Total Malays,25 - 29 Years,47947
2017,Total Malays,30 - 34 Years,39927
2017,Total Malays,35 - 39 Years,32504
2017,Total Malays,40 - 44 Years,30618
2017,Total Malays,45 - 49 Years,33451
2017,Total Malays,50 - 54 Years,42560
2017,Total Malays,55 - 59 Years,39667
2017,Total Malays,60 - 64 Years,29935
2017,Total Malays,65 - 69 Years,19630
2017,Total Malays,70 - 74 Years,10385
2017,Total Malays,75 - 79 Years,7333
2017,Total Malays,80 - 84 Years,5012
2017,Total Malays,85 - 89 Years,2271
2017,Total Malays,65 Years & Over,45626
2017,Total Malays,70 Years & Over,25996
2017,Total Malays,75 Years & Over,15611
2017,Total Malays,80 Years & Over,8278
2017,Total Malays,85 Years & Over,3266
2017,Total Malays,90 Years & Over,995
2017,Total Male Malays,0  -  4 Years,17790
2017,Total Male Malays,5  -  9 Years,15933
2017,Total Male Malays,10 - 14 Years,17508
2017,Total Male Malays,15 - 19 Years,21672
2017,Total Male Malays,20 - 24 Years,24219
2017,Total Male Malays,25 - 29 Years,24437
2017,Total Male Malays,30 - 34 Years,19997
2017,Total Male Malays,35 - 39 Years,15830
2017,Total Male Malays,40 - 44 Years,14813
2017,Total Male Malays,45 - 49 Years,16143
2017,Total Male Malays,50 - 54 Years,20859
2017,Total Male Malays,55 - 59 Years,19777
2017,Total Male Malays,60 - 64 Years,14604
2017,Total Male Malays,65 - 69 Years,9132
2017,Total Male Malays,70 - 74 Years,4734
2017,Total Male Malays,75 - 79 Years,3110
2017,Total Male Malays,80 - 84 Years,2031
2017,Total Male Malays,85 - 89 Years,897
2017,Total Male Malays,65 Years & Over,20330
2017,Total Male Malays,70 Years & Over,11198
2017,Total Male Malays,75 Years & Over,6464
2017,Total Male Malays,80 Years & Over,3354
2017,Total Male Malays,85 Years & Over,1323
2017,Total Male Malays,90 Years & Over,426
2017,Total Female Malays,0  -  4 Years,16771
2017,Total Female Malays,5  -  9 Years,15279
2017,Total Female Malays,10 - 14 Years,16571
2017,Total Female Malays,15 - 19 Years,20063
2017,Total Female Malays,20 - 24 Years,22669
2017,Total Female Malays,25 - 29 Years,23510
2017,Total Female Malays,30 - 34 Years,19930
2017,Total Female Malays,35 - 39 Years,16674
2017,Total Female Malays,40 - 44 Years,15805
2017,Total Female Malays,45 - 49 Years,17308
2017,Total Female Malays,50 - 54 Years,21701
2017,Total Female Malays,55 - 59 Years,19890
2017,Total Female Malays,60 - 64 Years,15331
2017,Total Female Malays,65 - 69 Years,10498
2017,Total Female Malays,70 - 74 Years,5651
2017,Total Female Malays,75 - 79 Years,4223
2017,Total Female Malays,80 - 84 Years,2981
2017,Total Female Malays,85 - 89 Years,1374
2017,Total Female Malays,65 Years & Over,25296
2017,Total Female Malays,70 Years & Over,14798
2017,Total Female Malays,75 Years & Over,9147
2017,Total Female Malays,80 Years & Over,4924
2017,Total Female Malays,85 Years & Over,1943
2017,Total Female Malays,90 Years & Over,569
2017,Total Chinese,0  -  4 Years,129452
2017,Total Chinese,5  -  9 Years,136570
2017,Total Chinese,10 - 14 Years,136448
2017,Total Chinese,15 - 19 Years,159568
2017,Total Chinese,20 - 24 Years,183474
2017,Total Chinese,25 - 29 Years,212862
2017,Total Chinese,30 - 34 Years,204446
2017,Total Chinese,35 - 39 Years,219561
2017,Total Chinese,40 - 44 Years,230806
2017,Total Chinese,45 - 49 Years,225935
2017,Total Chinese,50 - 54 Years,232687
2017,Total Chinese,55 - 59 Years,231813
2017,Total Chinese,60 - 64 Years,210800
2017,Total Chinese,65 - 69 Years,168582
2017,Total Chinese,70 - 74 Years,100894
2017,Total Chinese,75 - 79 Years,78725
2017,Total Chinese,80 - 84 Years,45437
2017,Total Chinese,85 - 89 Years,25927
2017,Total Chinese,65 Years & Over,433830
2017,Total Chinese,70 Years & Over,265248
2017,Total Chinese,75 Years & Over,164354
2017,Total Chinese,80 Years & Over,85629
2017,Total Chinese,85 Years & Over,40192
2017,Total Chinese,90 Years & Over,14265
2017,Total Male Chinese,0  -  4 Years,66394
2017,Total Male Chinese,5  -  9 Years,70115
2017,Total Male Chinese,10 - 14 Years,69850
2017,Total Male Chinese,15 - 19 Years,82160
2017,Total Male Chinese,20 - 24 Years,93506
2017,Total Male Chinese,25 - 29 Years,104440
2017,Total Male Chinese,30 - 34 Years,97484
2017,Total Male Chinese,35 - 39 Years,103832
2017,Total Male Chinese,40 - 44 Years,109212
2017,Total Male Chinese,45 - 49 Years,107610
2017,Total Male Chinese,50 - 54 Years,115156
2017,Total Male Chinese,55 - 59 Years,115478
2017,Total Male Chinese,60 - 64 Years,104638
2017,Total Male Chinese,65 - 69 Years,82321
2017,Total Male Chinese,70 - 74 Years,47722
2017,Total Male Chinese,75 - 79 Years,34843
2017,Total Male Chinese,80 - 84 Years,18718
2017,Total Male Chinese,85 - 89 Years,8972
2017,Total Male Chinese,65 Years & Over,196409
2017,Total Male Chinese,70 Years & Over,114088
2017,Total Male Chinese,75 Years & Over,66366
2017,Total Male Chinese,80 Years & Over,31523
2017,Total Male Chinese,85 Years & Over,12805
2017,Total Male Chinese,90 Years & Over,3833
2017,Total Female Chinese,0  -  4 Years,63058
2017,Total Female Chinese,5  -  9 Years,66455
2017,Total Female Chinese,10 - 14 Years,66598
2017,Total Female Chinese,15 - 19 Years,77408
2017,Total Female Chinese,20 - 24 Years,89968
2017,Total Female Chinese,25 - 29 Years,108422
2017,Total Female Chinese,30 - 34 Years,106962
2017,Total Female Chinese,35 - 39 Years,115729
2017,Total Female Chinese,40 - 44 Years,121594
2017,Total Female Chinese,45 - 49 Years,118325
2017,Total Female Chinese,50 - 54 Years,117531
2017,Total Female Chinese,55 - 59 Years,116335
2017,Total Female Chinese,60 - 64 Years,106162
2017,Total Female Chinese,65 - 69 Years,86261
2017,Total Female Chinese,70 - 74 Years,53172
2017,Total Female Chinese,75 - 79 Years,43882
2017,Total Female Chinese,80 - 84 Years,26719
2017,Total Female Chinese,85 - 89 Years,16955
2017,Total Female Chinese,65 Years & Over,237421
2017,Total Female Chinese,70 Years & Over,151160
2017,Total Female Chinese,75 Years & Over,97988
2017,Total Female Chinese,80 Years & Over,54106
2017,Total Female Chinese,85 Years & Over,27387
2017,Total Female Chinese,90 Years & Over,10432
2017,Total Indians,0  -  4 Years,17040
2017,Total Indians,5  -  9 Years,24252
2017,Total Indians,10 - 14 Years,26234
2017,Total Indians,15 - 19 Years,23262
2017,Total Indians,20 - 24 Years,22405
2017,Total Indians,25 - 29 Years,23164
2017,Total Indians,30 - 34 Years,25858
2017,Total Indians,35 - 39 Years,34578
2017,Total Indians,40 - 44 Years,34164
2017,Total Indians,45 - 49 Years,29727
2017,Total Indians,50 - 54 Years,27019
2017,Total Indians,55 - 59 Years,23305
2017,Total Indians,60 - 64 Years,17502
2017,Total Indians,65 - 69 Years,12797
2017,Total Indians,70 - 74 Years,6684
2017,Total Indians,75 - 79 Years,4873
2017,Total Indians,80 - 84 Years,3160
2017,Total Indians,85 - 89 Years,1838
2017,Total Indians,65 Years & Over,30311
2017,Total Indians,70 Years & Over,17514
2017,Total Indians,75 Years & Over,10830
2017,Total Indians,80 Years & Over,5957
2017,Total Indians,85 Years & Over,2797
2017,Total Indians,90 Years & Over,959
2017,Total Male Indians,0  -  4 Years,8703
2017,Total Male Indians,5  -  9 Years,12021
2017,Total Male Indians,10 - 14 Years,13045
2017,Total Male Indians,15 - 19 Years,11678
2017,Total Male Indians,20 - 24 Years,11163
2017,Total Male Indians,25 - 29 Years,11330
2017,Total Male Indians,30 - 34 Years,11997
2017,Total Male Indians,35 - 39 Years,17284
2017,Total Male Indians,40 - 44 Years,19183
2017,Total Male Indians,45 - 49 Years,17277
2017,Total Male Indians,50 - 54 Years,14776
2017,Total Male Indians,55 - 59 Years,12325
2017,Total Male Indians,60 - 64 Years,8848
2017,Total Male Indians,65 - 69 Years,6170
2017,Total Male Indians,70 - 74 Years,3100
2017,Total Male Indians,75 - 79 Years,2055
2017,Total Male Indians,80 - 84 Years,1319
2017,Total Male Indians,85 - 89 Years,942
2017,Total Male Indians,65 Years & Over,14188
2017,Total Male Indians,70 Years & Over,8018
2017,Total Male Indians,75 Years & Over,4918
2017,Total Male Indians,80 Years & Over,2863
2017,Total Male Indians,85 Years & Over,1544
2017,Total Male Indians,90 Years & Over,602
2017,Total Female Indians,0  -  4 Years,8337
2017,Total Female Indians,5  -  9 Years,12231
2017,Total Female Indians,10 - 14 Years,13189
2017,Total Female Indians,15 - 19 Years,11584
2017,Total Female Indians,20 - 24 Years,11242
2017,Total Female Indians,25 - 29 Years,11834
2017,Total Female Indians,30 - 34 Years,13861
2017,Total Female Indians,35 - 39 Years,17294
2017,Total Female Indians,40 - 44 Years,14981
2017,Total Female Indians,45 - 49 Years,12450
2017,Total Female Indians,50 - 54 Years,12243
2017,Total Female Indians,55 - 59 Years,10980
2017,Total Female Indians,60 - 64 Years,8654
2017,Total Female Indians,65 - 69 Years,6627
2017,Total Female Indians,70 - 74 Years,3584
2017,Total Female Indians,75 - 79 Years,2818
2017,Total Female Indians,80 - 84 Years,1841
2017,Total Female Indians,85 - 89 Years,896
2017,Total Female Indians,65 Years & Over,16123
2017,Total Female Indians,70 Years & Over,9496
2017,Total Female Indians,75 Years & Over,5912
2017,Total Female Indians,80 Years & Over,3094
2017,Total Female Indians,85 Years & Over,1253
2017,Total Female Indians,90 Years & Over,357
2017,Other Ethnic Groups (Total),0  -  4 Years,6600
2017,Other Ethnic Groups (Total),5  -  9 Years,8541
2017,Other Ethnic Groups (Total),10 - 14 Years,9492
2017,Other Ethnic Groups (Total),15 - 19 Years,8408
2017,Other Ethnic Groups (Total),20 - 24 Years,6305
2017,Other Ethnic Groups (Total),25 - 29 Years,6225
2017,Other Ethnic Groups (Total),30 - 34 Years,9109
2017,Other Ethnic Groups (Total),35 - 39 Years,14313
2017,Other Ethnic Groups (Total),40 - 44 Years,15896
2017,Other Ethnic Groups (Total),45 - 49 Years,14344
2017,Other Ethnic Groups (Total),50 - 54 Years,10548
2017,Other Ethnic Groups (Total),55 - 59 Years,6893
2017,Other Ethnic Groups (Total),60 - 64 Years,4414
2017,Other Ethnic Groups (Total),65 - 69 Years,2960
2017,Other Ethnic Groups (Total),70 - 74 Years,1531
2017,Other Ethnic Groups (Total),75 - 79 Years,1022
2017,Other Ethnic Groups (Total),80 - 84 Years,732
2017,Other Ethnic Groups (Total),85 - 89 Years,445
2017,Other Ethnic Groups (Total),65 Years & Over,6925
2017,Other Ethnic Groups (Total),70 Years & Over,3965
2017,Other Ethnic Groups (Total),75 Years & Over,2434
2017,Other Ethnic Groups (Total),80 Years & Over,1412
2017,Other Ethnic Groups (Total),85 Years & Over,680
2017,Other Ethnic Groups (Total),90 Years & Over,235
2017,Other Ethnic Groups (Males),0  -  4 Years,3154
2017,Other Ethnic Groups (Males),5  -  9 Years,3941
2017,Other Ethnic Groups (Males),10 - 14 Years,4482
2017,Other Ethnic Groups (Males),15 - 19 Years,3990
2017,Other Ethnic Groups (Males),20 - 24 Years,2937
2017,Other Ethnic Groups (Males),25 - 29 Years,2220
2017,Other Ethnic Groups (Males),30 - 34 Years,2900
2017,Other Ethnic Groups (Males),35 - 39 Years,5830
2017,Other Ethnic Groups (Males),40 - 44 Years,7433
2017,Other Ethnic Groups (Males),45 - 49 Years,7065
2017,Other Ethnic Groups (Males),50 - 54 Years,5595
2017,Other Ethnic Groups (Males),55 - 59 Years,3740
2017,Other Ethnic Groups (Males),60 - 64 Years,2499
2017,Other Ethnic Groups (Males),65 - 69 Years,1728
2017,Other Ethnic Groups (Males),70 - 74 Years,907
2017,Other Ethnic Groups (Males),75 - 79 Years,516
2017,Other Ethnic Groups (Males),80 - 84 Years,332
2017,Other Ethnic Groups (Males),85 - 89 Years,178
2017,Other Ethnic Groups (Males),65 Years & Over,3745
2017,Other Ethnic Groups (Males),70 Years & Over,2017
2017,Other Ethnic Groups (Males),75 Years & Over,1110
2017,Other Ethnic Groups (Males),80 Years & Over,594
2017,Other Ethnic Groups (Males),85 Years & Over,262
2017,Other Ethnic Groups (Males),90 Years & Over,84
2017,Other Ethnic Groups (Females),0  -  4 Years,3446
2017,Other Ethnic Groups (Females),5  -  9 Years,4600
2017,Other Ethnic Groups (Females),10 - 14 Years,5010
2017,Other Ethnic Groups (Females),15 - 19 Years,4418
2017,Other Ethnic Groups (Females),20 - 24 Years,3368
2017,Other Ethnic Groups (Females),25 - 29 Years,4005
2017,Other Ethnic Groups (Females),30 - 34 Years,6209
2017,Other Ethnic Groups (Females),35 - 39 Years,8483
2017,Other Ethnic Groups (Females),40 - 44 Years,8463
2017,Other Ethnic Groups (Females),45 - 49 Years,7279
2017,Other Ethnic Groups (Females),50 - 54 Years,4953
2017,Other Ethnic Groups (Females),55 - 59 Years,3153
2017,Other Ethnic Groups (Females),60 - 64 Years,1915
2017,Other Ethnic Groups (Females),65 - 69 Years,1232
2017,Other Ethnic Groups (Females),70 - 74 Years,624
2017,Other Ethnic Groups (Females),75 - 79 Years,506
2017,Other Ethnic Groups (Females),80 - 84 Years,400
2017,Other Ethnic Groups (Females),85 - 89 Years,267
2017,Other Ethnic Groups (Females),65 Years & Over,3180
2017,Other Ethnic Groups (Females),70 Years & Over,1948
2017,Other Ethnic Groups (Females),75 Years & Over,1324
2017,Other Ethnic Groups (Females),80 Years & Over,818
2017,Other Ethnic Groups (Females),85 Years & Over,418
2017,Other Ethnic Groups (Females),90 Years & Over,151
2018,Total Residents,0  -  4 Years,185528
2018,Total Residents,5  -  9 Years,199066
2018,Total Residents,10 - 14 Years,206530
2018,Total Residents,15 - 19 Years,226520
2018,Total Residents,20 - 24 Years,255516
2018,Total Residents,25 - 29 Years,291631
2018,Total Residents,30 - 34 Years,281397
2018,Total Residents,35 - 39 Years,303720
2018,Total Residents,40 - 44 Years,303640
2018,Total Residents,45 - 49 Years,307838
2018,Total Residents,50 - 54 Years,308965
2018,Total Residents,55 - 59 Years,304390
2018,Total Residents,60 - 64 Years,271688
2018,Total Residents,65 - 69 Years,212101
2018,Total Residents,70 - 74 Years,135546
2018,Total Residents,75 - 79 Years,93327
2018,Total Residents,80 - 84 Years,57103
2018,Total Residents,85 - 89 Years,31991
2018,Total Residents,65 Years & Over,547854
2018,Total Residents,70 Years & Over,335753
2018,Total Residents,75 Years & Over,200207
2018,Total Residents,80 Years & Over,106880
2018,Total Residents,85 Years & Over,49777
2018,Total Residents,90 Years & Over,17786
2018,Total Male Residents,0  -  4 Years,94916
2018,Total Male Residents,5  -  9 Years,101636
2018,Total Male Residents,10 - 14 Years,105026
2018,Total Male Residents,15 - 19 Years,116102
2018,Total Male Residents,20 - 24 Years,129956
2018,Total Male Residents,25 - 29 Years,143758
2018,Total Male Residents,30 - 34 Years,133775
2018,Total Male Residents,35 - 39 Years,143661
2018,Total Male Residents,40 - 44 Years,145974
2018,Total Male Residents,45 - 49 Years,149811
2018,Total Male Residents,50 - 54 Years,153908
2018,Total Male Residents,55 - 59 Years,152528
2018,Total Male Residents,60 - 64 Years,134928
2018,Total Male Residents,65 - 69 Years,103758
2018,Total Male Residents,70 - 74 Years,64029
2018,Total Male Residents,75 - 79 Years,41288
2018,Total Male Residents,80 - 84 Years,23779
2018,Total Male Residents,85 - 89 Years,11748
2018,Total Male Residents,65 Years & Over,249859
2018,Total Male Residents,70 Years & Over,146101
2018,Total Male Residents,75 Years & Over,82072
2018,Total Male Residents,80 Years & Over,40784
2018,Total Male Residents,85 Years & Over,17005
2018,Total Male Residents,90 Years & Over,5257
2018,Total Female Residents,0  -  4 Years,90612
2018,Total Female Residents,5  -  9 Years,97430
2018,Total Female Residents,10 - 14 Years,101504
2018,Total Female Residents,15 - 19 Years,110418
2018,Total Female Residents,20 - 24 Years,125560
2018,Total Female Residents,25 - 29 Years,147873
2018,Total Female Residents,30 - 34 Years,147622
2018,Total Female Residents,35 - 39 Years,160059
2018,Total Female Residents,40 - 44 Years,157666
2018,Total Female Residents,45 - 49 Years,158027
2018,Total Female Residents,50 - 54 Years,155057
2018,Total Female Residents,55 - 59 Years,151862
2018,Total Female Residents,60 - 64 Years,136760
2018,Total Female Residents,65 - 69 Years,108343
2018,Total Female Residents,70 - 74 Years,71517
2018,Total Female Residents,75 - 79 Years,52039
2018,Total Female Residents,80 - 84 Years,33324
2018,Total Female Residents,85 - 89 Years,20243
2018,Total Female Residents,65 Years & Over,297995
2018,Total Female Residents,70 Years & Over,189652
2018,Total Female Residents,75 Years & Over,118135
2018,Total Female Residents,80 Years & Over,66096
2018,Total Female Residents,85 Years & Over,32772
2018,Total Female Residents,90 Years & Over,12529
2018,Total Malays,0  -  4 Years,36169
2018,Total Malays,5  -  9 Years,30930
2018,Total Malays,10 - 14 Years,33438
2018,Total Malays,15 - 19 Years,40170
2018,Total Malays,20 - 24 Years,45986
2018,Total Malays,25 - 29 Years,48796
2018,Total Malays,30 - 34 Years,41104
2018,Total Malays,35 - 39 Years,34512
2018,Total Malays,40 - 44 Years,29543
2018,Total Malays,45 - 49 Years,32821
2018,Total Malays,50 - 54 Years,41235
2018,Total Malays,55 - 59 Years,40637
2018,Total Malays,60 - 64 Years,31742
2018,Total Malays,65 - 69 Years,20922
2018,Total Malays,70 - 74 Years,12011
2018,Total Malays,75 - 79 Years,7193
2018,Total Malays,80 - 84 Years,5131
2018,Total Malays,85 - 89 Years,2398
2018,Total Malays,65 Years & Over,48741
2018,Total Malays,70 Years & Over,27819
2018,Total Malays,75 Years & Over,15808
2018,Total Malays,80 Years & Over,8615
2018,Total Malays,85 Years & Over,3484
2018,Total Malays,90 Years & Over,1086
2018,Total Male Malays,0  -  4 Years,18624
2018,Total Male Malays,5  -  9 Years,15878
2018,Total Male Malays,10 - 14 Years,17117
2018,Total Male Malays,15 - 19 Years,20922
2018,Total Male Malays,20 - 24 Years,23682
2018,Total Male Malays,25 - 29 Years,24921
2018,Total Male Malays,30 - 34 Years,20661
2018,Total Male Malays,35 - 39 Years,16955
2018,Total Male Malays,40 - 44 Years,14169
2018,Total Male Malays,45 - 49 Years,15807
2018,Total Male Malays,50 - 54 Years,20212
2018,Total Male Malays,55 - 59 Years,20185
2018,Total Male Malays,60 - 64 Years,15577
2018,Total Male Malays,65 - 69 Years,9762
2018,Total Male Malays,70 - 74 Years,5518
2018,Total Male Malays,75 - 79 Years,3023
2018,Total Male Malays,80 - 84 Years,2107
2018,Total Male Malays,85 - 89 Years,914
2018,Total Male Malays,65 Years & Over,21776
2018,Total Male Malays,70 Years & Over,12014
2018,Total Male Malays,75 Years & Over,6496
2018,Total Male Malays,80 Years & Over,3473
2018,Total Male Malays,85 Years & Over,1366
2018,Total Male Malays,90 Years & Over,452
2018,Total Female Malays,0  -  4 Years,17545
2018,Total Female Malays,5  -  9 Years,15052
2018,Total Female Malays,10 - 14 Years,16321
2018,Total Female Malays,15 - 19 Years,19248
2018,Total Female Malays,20 - 24 Years,22304
2018,Total Female Malays,25 - 29 Years,23875
2018,Total Female Malays,30 - 34 Years,20443
2018,Total Female Malays,35 - 39 Years,17557
2018,Total Female Malays,40 - 44 Years,15374
2018,Total Female Malays,45 - 49 Years,17014
2018,Total Female Malays,50 - 54 Years,21023
2018,Total Female Malays,55 - 59 Years,20452
2018,Total Female Malays,60 - 64 Years,16165
2018,Total Female Malays,65 - 69 Years,11160
2018,Total Female Malays,70 - 74 Years,6493
2018,Total Female Malays,75 - 79 Years,4170
2018,Total Female Malays,80 - 84 Years,3024
2018,Total Female Malays,85 - 89 Years,1484
2018,Total Female Malays,65 Years & Over,26965
2018,Total Female Malays,70 Years & Over,15805
2018,Total Female Malays,75 Years & Over,9312
2018,Total Female Malays,80 Years & Over,5142
2018,Total Female Malays,85 Years & Over,2118
2018,Total Female Malays,90 Years & Over,634
2018,Total Chinese,0  -  4 Years,126229
2018,Total Chinese,5  -  9 Years,137097
2018,Total Chinese,10 - 14 Years,136796
2018,Total Chinese,15 - 19 Years,154198
2018,Total Chinese,20 - 24 Years,180656
2018,Total Chinese,25 - 29 Years,213123
2018,Total Chinese,30 - 34 Years,206873
2018,Total Chinese,35 - 39 Years,221887
2018,Total Chinese,40 - 44 Years,224416
2018,Total Chinese,45 - 49 Years,229736
2018,Total Chinese,50 - 54 Years,229401
2018,Total Chinese,55 - 59 Years,232490
2018,Total Chinese,60 - 64 Years,216752
2018,Total Chinese,65 - 69 Years,174682
2018,Total Chinese,70 - 74 Years,113955
2018,Total Chinese,75 - 79 Years,80247
2018,Total Chinese,80 - 84 Years,48056
2018,Total Chinese,85 - 89 Years,27237
2018,Total Chinese,65 Years & Over,459627
2018,Total Chinese,70 Years & Over,284945
2018,Total Chinese,75 Years & Over,170990
2018,Total Chinese,80 Years & Over,90743
2018,Total Chinese,85 Years & Over,42687
2018,Total Chinese,90 Years & Over,15450
2018,Total Male Chinese,0  -  4 Years,64571
2018,Total Male Chinese,5  -  9 Years,70539
2018,Total Male Chinese,10 - 14 Years,70044
2018,Total Male Chinese,15 - 19 Years,79286
2018,Total Male Chinese,20 - 24 Years,92077
2018,Total Male Chinese,25 - 29 Years,105003
2018,Total Male Chinese,30 - 34 Years,98895
2018,Total Male Chinese,35 - 39 Years,105120
2018,Total Male Chinese,40 - 44 Years,105892
2018,Total Male Chinese,45 - 49 Years,109048
2018,Total Male Chinese,50 - 54 Years,112715
2018,Total Male Chinese,55 - 59 Years,115822
2018,Total Male Chinese,60 - 64 Years,107316
2018,Total Male Chinese,65 - 69 Years,85687
2018,Total Male Chinese,70 - 74 Years,53792
2018,Total Male Chinese,75 - 79 Years,35684
2018,Total Male Chinese,80 - 84 Years,20059
2018,Total Male Chinese,85 - 89 Years,9702
2018,Total Male Chinese,65 Years & Over,209047
2018,Total Male Chinese,70 Years & Over,123360
2018,Total Male Chinese,75 Years & Over,69568
2018,Total Male Chinese,80 Years & Over,33884
2018,Total Male Chinese,85 Years & Over,13825
2018,Total Male Chinese,90 Years & Over,4123
2018,Total Female Chinese,0  -  4 Years,61658
2018,Total Female Chinese,5  -  9 Years,66558
2018,Total Female Chinese,10 - 14 Years,66752
2018,Total Female Chinese,15 - 19 Years,74912
2018,Total Female Chinese,20 - 24 Years,88579
2018,Total Female Chinese,25 - 29 Years,108120
2018,Total Female Chinese,30 - 34 Years,107978
2018,Total Female Chinese,35 - 39 Years,116767
2018,Total Female Chinese,40 - 44 Years,118524
2018,Total Female Chinese,45 - 49 Years,120688
2018,Total Female Chinese,50 - 54 Years,116686
2018,Total Female Chinese,55 - 59 Years,116668
2018,Total Female Chinese,60 - 64 Years,109436
2018,Total Female Chinese,65 - 69 Years,88995
2018,Total Female Chinese,70 - 74 Years,60163
2018,Total Female Chinese,75 - 79 Years,44563
2018,Total Female Chinese,80 - 84 Years,27997
2018,Total Female Chinese,85 - 89 Years,17535
2018,Total Female Chinese,65 Years & Over,250580
2018,Total Female Chinese,70 Years & Over,161585
2018,Total Female Chinese,75 Years & Over,101422
2018,Total Female Chinese,80 Years & Over,56859
2018,Total Female Chinese,85 Years & Over,28862
2018,Total Female Chinese,90 Years & Over,11327
2018,Total Indians,0  -  4 Years,16689
2018,Total Indians,5  -  9 Years,22990
2018,Total Indians,10 - 14 Years,26758
2018,Total Indians,15 - 19 Years,23655
2018,Total Indians,20 - 24 Years,22268
2018,Total Indians,25 - 29 Years,23361
2018,Total Indians,30 - 34 Years,24723
2018,Total Indians,35 - 39 Years,33661
2018,Total Indians,40 - 44 Years,34181
2018,Total Indians,45 - 49 Years,30480
2018,Total Indians,50 - 54 Years,27280
2018,Total Indians,55 - 59 Years,23858
2018,Total Indians,60 - 64 Years,18500
2018,Total Indians,65 - 69 Years,13432
2018,Total Indians,70 - 74 Years,7788
2018,Total Indians,75 - 79 Years,4838
2018,Total Indians,80 - 84 Years,3178
2018,Total Indians,85 - 89 Years,1882
2018,Total Indians,65 Years & Over,32124
2018,Total Indians,70 Years & Over,18692
2018,Total Indians,75 Years & Over,10904
2018,Total Indians,80 Years & Over,6066
2018,Total Indians,85 Years & Over,2888
2018,Total Indians,90 Years & Over,1006
2018,Total Male Indians,0  -  4 Years,8571
2018,Total Male Indians,5  -  9 Years,11518
2018,Total Male Indians,10 - 14 Years,13329
2018,Total Male Indians,15 - 19 Years,11849
2018,Total Male Indians,20 - 24 Years,11058
2018,Total Male Indians,25 - 29 Years,11510
2018,Total Male Indians,30 - 34 Years,11541
2018,Total Male Indians,35 - 39 Years,16330
2018,Total Male Indians,40 - 44 Years,18881
2018,Total Male Indians,45 - 49 Years,17731
2018,Total Male Indians,50 - 54 Years,15181
2018,Total Male Indians,55 - 59 Years,12572
2018,Total Male Indians,60 - 64 Years,9365
2018,Total Male Indians,65 - 69 Years,6543
2018,Total Male Indians,70 - 74 Years,3652
2018,Total Male Indians,75 - 79 Years,2052
2018,Total Male Indians,80 - 84 Years,1280
2018,Total Male Indians,85 - 89 Years,930
2018,Total Male Indians,65 Years & Over,15060
2018,Total Male Indians,70 Years & Over,8517
2018,Total Male Indians,75 Years & Over,4865
2018,Total Male Indians,80 Years & Over,2813
2018,Total Male Indians,85 Years & Over,1533
2018,Total Male Indians,90 Years & Over,603
2018,Total Female Indians,0  -  4 Years,8118
2018,Total Female Indians,5  -  9 Years,11472
2018,Total Female Indians,10 - 14 Years,13429
2018,Total Female Indians,15 - 19 Years,11806
2018,Total Female Indians,20 - 24 Years,11210
2018,Total Female Indians,25 - 29 Years,11851
2018,Total Female Indians,30 - 34 Years,13182
2018,Total Female Indians,35 - 39 Years,17331
2018,Total Female Indians,40 - 44 Years,15300
2018,Total Female Indians,45 - 49 Years,12749
2018,Total Female Indians,50 - 54 Years,12099
2018,Total Female Indians,55 - 59 Years,11286
2018,Total Female Indians,60 - 64 Years,9135
2018,Total Female Indians,65 - 69 Years,6889
2018,Total Female Indians,70 - 74 Years,4136
2018,Total Female Indians,75 - 79 Years,2786
2018,Total Female Indians,80 - 84 Years,1898
2018,Total Female Indians,85 - 89 Years,952
2018,Total Female Indians,65 Years & Over,17064
2018,Total Female Indians,70 Years & Over,10175
2018,Total Female Indians,75 Years & Over,6039
2018,Total Female Indians,80 Years & Over,3253
2018,Total Female Indians,85 Years & Over,1355
2018,Total Female Indians,90 Years & Over,403
2018,Other Ethnic Groups (Total),0  -  4 Years,6441
2018,Other Ethnic Groups (Total),5  -  9 Years,8049
2018,Other Ethnic Groups (Total),10 - 14 Years,9538
2018,Other Ethnic Groups (Total),15 - 19 Years,8497
2018,Other Ethnic Groups (Total),20 - 24 Years,6606
2018,Other Ethnic Groups (Total),25 - 29 Years,6351
2018,Other Ethnic Groups (Total),30 - 34 Years,8697
2018,Other Ethnic Groups (Total),35 - 39 Years,13660
2018,Other Ethnic Groups (Total),40 - 44 Years,15500
2018,Other Ethnic Groups (Total),45 - 49 Years,14801
2018,Other Ethnic Groups (Total),50 - 54 Years,11049
2018,Other Ethnic Groups (Total),55 - 59 Years,7405
2018,Other Ethnic Groups (Total),60 - 64 Years,4694
2018,Other Ethnic Groups (Total),65 - 69 Years,3065
2018,Other Ethnic Groups (Total),70 - 74 Years,1792
2018,Other Ethnic Groups (Total),75 - 79 Years,1049
2018,Other Ethnic Groups (Total),80 - 84 Years,738
2018,Other Ethnic Groups (Total),85 - 89 Years,474
2018,Other Ethnic Groups (Total),65 Years & Over,7362
2018,Other Ethnic Groups (Total),70 Years & Over,4297
2018,Other Ethnic Groups (Total),75 Years & Over,2505
2018,Other Ethnic Groups (Total),80 Years & Over,1456
2018,Other Ethnic Groups (Total),85 Years & Over,718
2018,Other Ethnic Groups (Total),90 Years & Over,244
2018,Other Ethnic Groups (Males),0  -  4 Years,3150
2018,Other Ethnic Groups (Males),5  -  9 Years,3701
2018,Other Ethnic Groups (Males),10 - 14 Years,4536
2018,Other Ethnic Groups (Males),15 - 19 Years,4045
2018,Other Ethnic Groups (Males),20 - 24 Years,3139
2018,Other Ethnic Groups (Males),25 - 29 Years,2324
2018,Other Ethnic Groups (Males),30 - 34 Years,2678
2018,Other Ethnic Groups (Males),35 - 39 Years,5256
2018,Other Ethnic Groups (Males),40 - 44 Years,7032
2018,Other Ethnic Groups (Males),45 - 49 Years,7225
2018,Other Ethnic Groups (Males),50 - 54 Years,5800
2018,Other Ethnic Groups (Males),55 - 59 Years,3949
2018,Other Ethnic Groups (Males),60 - 64 Years,2670
2018,Other Ethnic Groups (Males),65 - 69 Years,1766
2018,Other Ethnic Groups (Males),70 - 74 Years,1067
2018,Other Ethnic Groups (Males),75 - 79 Years,529
2018,Other Ethnic Groups (Males),80 - 84 Years,333
2018,Other Ethnic Groups (Males),85 - 89 Years,202
2018,Other Ethnic Groups (Males),65 Years & Over,3976
2018,Other Ethnic Groups (Males),70 Years & Over,2210
2018,Other Ethnic Groups (Males),75 Years & Over,1143
2018,Other Ethnic Groups (Males),80 Years & Over,614
2018,Other Ethnic Groups (Males),85 Years & Over,281
2018,Other Ethnic Groups (Males),90 Years & Over,79
2018,Other Ethnic Groups (Females),0  -  4 Years,3291
2018,Other Ethnic Groups (Females),5  -  9 Years,4348
2018,Other Ethnic Groups (Females),10 - 14 Years,5002
2018,Other Ethnic Groups (Females),15 - 19 Years,4452
2018,Other Ethnic Groups (Females),20 - 24 Years,3467
2018,Other Ethnic Groups (Females),25 - 29 Years,4027
2018,Other Ethnic Groups (Females),30 - 34 Years,6019
2018,Other Ethnic Groups (Females),35 - 39 Years,8404
2018,Other Ethnic Groups (Females),40 - 44 Years,8468
2018,Other Ethnic Groups (Females),45 - 49 Years,7576
2018,Other Ethnic Groups (Females),50 - 54 Years,5249
2018,Other Ethnic Groups (Females),55 - 59 Years,3456
2018,Other Ethnic Groups (Females),60 - 64 Years,2024
2018,Other Ethnic Groups (Females),65 - 69 Years,1299
2018,Other Ethnic Groups (Females),70 - 74 Years,725
2018,Other Ethnic Groups (Females),75 - 79 Years,520
2018,Other Ethnic Groups (Females),80 - 84 Years,405
2018,Other Ethnic Groups (Females),85 - 89 Years,272
2018,Other Ethnic Groups (Females),65 Years & Over,3386
2018,Other Ethnic Groups (Females),70 Years & Over,2087
2018,Other Ethnic Groups (Females),75 Years & Over,1362
2018,Other Ethnic Groups (Females),80 Years & Over,842
2018,Other Ethnic Groups (Females),85 Years & Over,437
2018,Other Ethnic Groups (Females),90 Years & Over,165
2019,Total Residents,0  -  4 Years,185355
2019,Total Residents,5  -  9 Years,197775
2019,Total Residents,10 - 14 Years,207926
2019,Total Residents,15 - 19 Years,222222
2019,Total Residents,20 - 24 Years,249079
2019,Total Residents,25 - 29 Years,288194
2019,Total Residents,30 - 34 Years,293446
2019,Total Residents,35 - 39 Years,300818
2019,Total Residents,40 - 44 Years,300763
2019,Total Residents,45 - 49 Years,311682
2019,Total Residents,50 - 54 Years,301682
2019,Total Residents,55 - 59 Years,306759
2019,Total Residents,60 - 64 Years,278828
2019,Total Residents,65 - 69 Years,221296
2019,Total Residents,70 - 74 Years,150127
2019,Total Residents,75 - 79 Years,94600
2019,Total Residents,80 - 84 Years,62293
2019,Total Residents,85 - 89 Years,33935
2019,Total Residents,65 Years & Over,581680
2019,Total Residents,70 Years & Over,360384
2019,Total Residents,75 Years & Over,210257
2019,Total Residents,80 Years & Over,115657
2019,Total Residents,85 Years & Over,53364
2019,Total Residents,90 Years & Over,19429
2019,Total Male Residents,0  -  4 Years,94666
2019,Total Male Residents,5  -  9 Years,101051
2019,Total Male Residents,10 - 14 Years,105661
2019,Total Male Residents,15 - 19 Years,113555
2019,Total Male Residents,20 - 24 Years,126764
2019,Total Male Residents,25 - 29 Years,142465
2019,Total Male Residents,30 - 34 Years,140208
2019,Total Male Residents,35 - 39 Years,142118
2019,Total Male Residents,40 - 44 Years,143869
2019,Total Male Residents,45 - 49 Years,151637
2019,Total Male Residents,50 - 54 Years,149121
2019,Total Male Residents,55 - 59 Years,153477
2019,Total Male Residents,60 - 64 Years,138324
2019,Total Male Residents,65 - 69 Years,108655
2019,Total Male Residents,70 - 74 Years,71234
2019,Total Male Residents,75 - 79 Years,42201
2019,Total Male Residents,80 - 84 Years,26077
2019,Total Male Residents,85 - 89 Years,12484
2019,Total Male Residents,65 Years & Over,266466
2019,Total Male Residents,70 Years & Over,157811
2019,Total Male Residents,75 Years & Over,86577
2019,Total Male Residents,80 Years & Over,44376
2019,Total Male Residents,85 Years & Over,18299
2019,Total Male Residents,90 Years & Over,5815
2019,Total Female Residents,0  -  4 Years,90689
2019,Total Female Residents,5  -  9 Years,96724
2019,Total Female Residents,10 - 14 Years,102265
2019,Total Female Residents,15 - 19 Years,108667
2019,Total Female Residents,20 - 24 Years,122315
2019,Total Female Residents,25 - 29 Years,145729
2019,Total Female Residents,30 - 34 Years,153238
2019,Total Female Residents,35 - 39 Years,158700
2019,Total Female Residents,40 - 44 Years,156894
2019,Total Female Residents,45 - 49 Years,160045
2019,Total Female Residents,50 - 54 Years,152561
2019,Total Female Residents,55 - 59 Years,153282
2019,Total Female Residents,60 - 64 Years,140504
2019,Total Female Residents,65 - 69 Years,112641
2019,Total Female Residents,70 - 74 Years,78893
2019,Total Female Residents,75 - 79 Years,52399
2019,Total Female Residents,80 - 84 Years,36216
2019,Total Female Residents,85 - 89 Years,21451
2019,Total Female Residents,65 Years & Over,315214
2019,Total Female Residents,70 Years & Over,202573
2019,Total Female Residents,75 Years & Over,123680
2019,Total Female Residents,80 Years & Over,71281
2019,Total Female Residents,85 Years & Over,35065
2019,Total Female Residents,90 Years & Over,13614
2019,Total Malays,0  -  4 Years,37374
2019,Total Malays,5  -  9 Years,31339
2019,Total Malays,10 - 14 Years,32966
2019,Total Malays,15 - 19 Years,38703
2019,Total Malays,20 - 24 Years,44675
2019,Total Malays,25 - 29 Years,49243
2019,Total Malays,30 - 34 Years,42855
2019,Total Malays,35 - 39 Years,36079
2019,Total Malays,40 - 44 Years,29199
2019,Total Malays,45 - 49 Years,32131
2019,Total Malays,50 - 54 Years,38961
2019,Total Malays,55 - 59 Years,41690
2019,Total Malays,60 - 64 Years,33141
2019,Total Malays,65 - 69 Years,22771
2019,Total Malays,70 - 74 Years,13264
2019,Total Malays,75 - 79 Years,7325
2019,Total Malays,80 - 84 Years,5254
2019,Total Malays,85 - 89 Years,2645
2019,Total Malays,65 Years & Over,52427
2019,Total Malays,70 Years & Over,29656
2019,Total Malays,75 Years & Over,16392
2019,Total Malays,80 Years & Over,9067
2019,Total Malays,85 Years & Over,3813
2019,Total Malays,90 Years & Over,1168
2019,Total Male Malays,0  -  4 Years,19182
2019,Total Male Malays,5  -  9 Years,16108
2019,Total Male Malays,10 - 14 Years,16929
2019,Total Male Malays,15 - 19 Years,19957
2019,Total Male Malays,20 - 24 Years,23088
2019,Total Male Malays,25 - 29 Years,25200
2019,Total Male Malays,30 - 34 Years,21636
2019,Total Male Malays,35 - 39 Years,17940
2019,Total Male Malays,40 - 44 Years,13932
2019,Total Male Malays,45 - 49 Years,15500
2019,Total Male Malays,50 - 54 Years,18921
2019,Total Male Malays,55 - 59 Years,20697
2019,Total Male Malays,60 - 64 Years,16279
2019,Total Male Malays,65 - 69 Years,10730
2019,Total Male Malays,70 - 74 Years,6096
2019,Total Male Malays,75 - 79 Years,3116
2019,Total Male Malays,80 - 84 Years,2166
2019,Total Male Malays,85 - 89 Years,972
2019,Total Male Malays,65 Years & Over,23564
2019,Total Male Malays,70 Years & Over,12834
2019,Total Male Malays,75 Years & Over,6738
2019,Total Male Malays,80 Years & Over,3622
2019,Total Male Malays,85 Years & Over,1456
2019,Total Male Malays,90 Years & Over,484
2019,Total Female Malays,0  -  4 Years,18192
2019,Total Female Malays,5  -  9 Years,15231
2019,Total Female Malays,10 - 14 Years,16037
2019,Total Female Malays,15 - 19 Years,18746
2019,Total Female Malays,20 - 24 Years,21587
2019,Total Female Malays,25 - 29 Years,24043
2019,Total Female Malays,30 - 34 Years,21219
2019,Total Female Malays,35 - 39 Years,18139
2019,Total Female Malays,40 - 44 Years,15267
2019,Total Female Malays,45 - 49 Years,16631
2019,Total Female Malays,50 - 54 Years,20040
2019,Total Female Malays,55 - 59 Years,20993
2019,Total Female Malays,60 - 64 Years,16862
2019,Total Female Malays,65 - 69 Years,12041
2019,Total Female Malays,70 - 74 Years,7168
2019,Total Female Malays,75 - 79 Years,4209
2019,Total Female Malays,80 - 84 Years,3088
2019,Total Female Malays,85 - 89 Years,1673
2019,Total Female Malays,65 Years & Over,28863
2019,Total Female Malays,70 Years & Over,16822
2019,Total Female Malays,75 Years & Over,9654
2019,Total Female Malays,80 Years & Over,5445
2019,Total Female Malays,85 Years & Over,2357
2019,Total Female Malays,90 Years & Over,684
2019,Total Chinese,0  -  4 Years,125403
2019,Total Chinese,5  -  9 Years,136620
2019,Total Chinese,10 - 14 Years,138611
2019,Total Chinese,15 - 19 Years,150821
2019,Total Chinese,20 - 24 Years,175115
2019,Total Chinese,25 - 29 Years,209293
2019,Total Chinese,30 - 34 Years,217976
2019,Total Chinese,35 - 39 Years,219703
2019,Total Chinese,40 - 44 Years,222036
2019,Total Chinese,45 - 49 Years,233017
2019,Total Chinese,50 - 54 Years,223988
2019,Total Chinese,55 - 59 Years,232635
2019,Total Chinese,60 - 64 Years,221156
2019,Total Chinese,65 - 69 Years,181242
2019,Total Chinese,70 - 74 Years,126015
2019,Total Chinese,75 - 79 Years,81375
2019,Total Chinese,80 - 84 Years,52993
2019,Total Chinese,85 - 89 Years,28865
2019,Total Chinese,65 Years & Over,487334
2019,Total Chinese,70 Years & Over,306092
2019,Total Chinese,75 Years & Over,180077
2019,Total Chinese,80 Years & Over,98702
2019,Total Chinese,85 Years & Over,45709
2019,Total Chinese,90 Years & Over,16844
2019,Total Male Chinese,0  -  4 Years,64062
2019,Total Male Chinese,5  -  9 Years,70210
2019,Total Male Chinese,10 - 14 Years,70933
2019,Total Male Chinese,15 - 19 Years,77349
2019,Total Male Chinese,20 - 24 Years,89204
2019,Total Male Chinese,25 - 29 Years,103367
2019,Total Male Chinese,30 - 34 Years,104571
2019,Total Male Chinese,35 - 39 Years,104225
2019,Total Male Chinese,40 - 44 Years,104660
2019,Total Male Chinese,45 - 49 Years,110551
2019,Total Male Chinese,50 - 54 Years,109012
2019,Total Male Chinese,55 - 59 Years,115628
2019,Total Male Chinese,60 - 64 Years,109243
2019,Total Male Chinese,65 - 69 Years,89176
2019,Total Male Chinese,70 - 74 Years,59862
2019,Total Male Chinese,75 - 79 Years,36413
2019,Total Male Chinese,80 - 84 Years,22303
2019,Total Male Chinese,85 - 89 Years,10381
2019,Total Male Chinese,65 Years & Over,222693
2019,Total Male Chinese,70 Years & Over,133517
2019,Total Male Chinese,75 Years & Over,73655
2019,Total Male Chinese,80 Years & Over,37242
2019,Total Male Chinese,85 Years & Over,14939
2019,Total Male Chinese,90 Years & Over,4558
2019,Total Female Chinese,0  -  4 Years,61341
2019,Total Female Chinese,5  -  9 Years,66410
2019,Total Female Chinese,10 - 14 Years,67678
2019,Total Female Chinese,15 - 19 Years,73472
2019,Total Female Chinese,20 - 24 Years,85911
2019,Total Female Chinese,25 - 29 Years,105926
2019,Total Female Chinese,30 - 34 Years,113405
2019,Total Female Chinese,35 - 39 Years,115478
2019,Total Female Chinese,40 - 44 Years,117376
2019,Total Female Chinese,45 - 49 Years,122466
2019,Total Female Chinese,50 - 54 Years,114976
2019,Total Female Chinese,55 - 59 Years,117007
2019,Total Female Chinese,60 - 64 Years,111913
2019,Total Female Chinese,65 - 69 Years,92066
2019,Total Female Chinese,70 - 74 Years,66153
2019,Total Female Chinese,75 - 79 Years,44962
2019,Total Female Chinese,80 - 84 Years,30690
2019,Total Female Chinese,85 - 89 Years,18484
2019,Total Female Chinese,65 Years & Over,264641
2019,Total Female Chinese,70 Years & Over,172575
2019,Total Female Chinese,75 Years & Over,106422
2019,Total Female Chinese,80 Years & Over,61460
2019,Total Female Chinese,85 Years & Over,30770
2019,Total Female Chinese,90 Years & Over,12286
2019,Total Indians,0  -  4 Years,16234
2019,Total Indians,5  -  9 Years,22171
2019,Total Indians,10 - 14 Years,26779
2019,Total Indians,15 - 19 Years,24116
2019,Total Indians,20 - 24 Years,22280
2019,Total Indians,25 - 29 Years,23471
2019,Total Indians,30 - 34 Years,24264
2019,Total Indians,35 - 39 Years,32131
2019,Total Indians,40 - 44 Years,34326
2019,Total Indians,45 - 49 Years,31391
2019,Total Indians,50 - 54 Years,27322
2019,Total Indians,55 - 59 Years,24545
2019,Total Indians,60 - 64 Years,19503
2019,Total Indians,65 - 69 Years,14063
2019,Total Indians,70 - 74 Years,8823
2019,Total Indians,75 - 79 Years,4829
2019,Total Indians,80 - 84 Years,3310
2019,Total Indians,85 - 89 Years,1948
2019,Total Indians,65 Years & Over,34104
2019,Total Indians,70 Years & Over,20041
2019,Total Indians,75 Years & Over,11218
2019,Total Indians,80 Years & Over,6389
2019,Total Indians,85 Years & Over,3079
2019,Total Indians,90 Years & Over,1131
2019,Total Male Indians,0  -  4 Years,8327
2019,Total Male Indians,5  -  9 Years,11177
2019,Total Male Indians,10 - 14 Years,13320
2019,Total Male Indians,15 - 19 Years,12114
2019,Total Male Indians,20 - 24 Years,11097
2019,Total Male Indians,25 - 29 Years,11547
2019,Total Male Indians,30 - 34 Years,11477
2019,Total Male Indians,35 - 39 Years,15236
2019,Total Male Indians,40 - 44 Years,18564
2019,Total Male Indians,45 - 49 Years,18201
2019,Total Male Indians,50 - 54 Years,15363
2019,Total Male Indians,55 - 59 Years,12946
2019,Total Male Indians,60 - 64 Years,10013
2019,Total Male Indians,65 - 69 Years,6899
2019,Total Male Indians,70 - 74 Years,4100
2019,Total Male Indians,75 - 79 Years,2091
2019,Total Male Indians,80 - 84 Years,1276
2019,Total Male Indians,85 - 89 Years,918
2019,Total Male Indians,65 Years & Over,15961
2019,Total Male Indians,70 Years & Over,9062
2019,Total Male Indians,75 Years & Over,4962
2019,Total Male Indians,80 Years & Over,2871
2019,Total Male Indians,85 Years & Over,1595
2019,Total Male Indians,90 Years & Over,677
2019,Total Female Indians,0  -  4 Years,7907
2019,Total Female Indians,5  -  9 Years,10994
2019,Total Female Indians,10 - 14 Years,13459
2019,Total Female Indians,15 - 19 Years,12002
2019,Total Female Indians,20 - 24 Years,11183
2019,Total Female Indians,25 - 29 Years,11924
2019,Total Female Indians,30 - 34 Years,12787
2019,Total Female Indians,35 - 39 Years,16895
2019,Total Female Indians,40 - 44 Years,15762
2019,Total Female Indians,45 - 49 Years,13190
2019,Total Female Indians,50 - 54 Years,11959
2019,Total Female Indians,55 - 59 Years,11599
2019,Total Female Indians,60 - 64 Years,9490
2019,Total Female Indians,65 - 69 Years,7164
2019,Total Female Indians,70 - 74 Years,4723
2019,Total Female Indians,75 - 79 Years,2738
2019,Total Female Indians,80 - 84 Years,2034
2019,Total Female Indians,85 - 89 Years,1030
2019,Total Female Indians,65 Years & Over,18143
2019,Total Female Indians,70 Years & Over,10979
2019,Total Female Indians,75 Years & Over,6256
2019,Total Female Indians,80 Years & Over,3518
2019,Total Female Indians,85 Years & Over,1484
2019,Total Female Indians,90 Years & Over,454
2019,Other Ethnic Groups (Total),0  -  4 Years,6344
2019,Other Ethnic Groups (Total),5  -  9 Years,7645
2019,Other Ethnic Groups (Total),10 - 14 Years,9570
2019,Other Ethnic Groups (Total),15 - 19 Years,8582
2019,Other Ethnic Groups (Total),20 - 24 Years,7009
2019,Other Ethnic Groups (Total),25 - 29 Years,6187
2019,Other Ethnic Groups (Total),30 - 34 Years,8351
2019,Other Ethnic Groups (Total),35 - 39 Years,12905
2019,Other Ethnic Groups (Total),40 - 44 Years,15202
2019,Other Ethnic Groups (Total),45 - 49 Years,15143
2019,Other Ethnic Groups (Total),50 - 54 Years,11411
2019,Other Ethnic Groups (Total),55 - 59 Years,7889
2019,Other Ethnic Groups (Total),60 - 64 Years,5028
2019,Other Ethnic Groups (Total),65 - 69 Years,3220
2019,Other Ethnic Groups (Total),70 - 74 Years,2025
2019,Other Ethnic Groups (Total),75 - 79 Years,1071
2019,Other Ethnic Groups (Total),80 - 84 Years,736
2019,Other Ethnic Groups (Total),85 - 89 Years,477
2019,Other Ethnic Groups (Total),65 Years & Over,7815
2019,Other Ethnic Groups (Total),70 Years & Over,4595
2019,Other Ethnic Groups (Total),75 Years & Over,2570
2019,Other Ethnic Groups (Total),80 Years & Over,1499
2019,Other Ethnic Groups (Total),85 Years & Over,763
2019,Other Ethnic Groups (Total),90 Years & Over,286
2019,Other Ethnic Groups (Males),0  -  4 Years,3095
2019,Other Ethnic Groups (Males),5  -  9 Years,3556
2019,Other Ethnic Groups (Males),10 - 14 Years,4479
2019,Other Ethnic Groups (Males),15 - 19 Years,4135
2019,Other Ethnic Groups (Males),20 - 24 Years,3375
2019,Other Ethnic Groups (Males),25 - 29 Years,2351
2019,Other Ethnic Groups (Males),30 - 34 Years,2524
2019,Other Ethnic Groups (Males),35 - 39 Years,4717
2019,Other Ethnic Groups (Males),40 - 44 Years,6713
2019,Other Ethnic Groups (Males),45 - 49 Years,7385
2019,Other Ethnic Groups (Males),50 - 54 Years,5825
2019,Other Ethnic Groups (Males),55 - 59 Years,4206
2019,Other Ethnic Groups (Males),60 - 64 Years,2789
2019,Other Ethnic Groups (Males),65 - 69 Years,1850
2019,Other Ethnic Groups (Males),70 - 74 Years,1176
2019,Other Ethnic Groups (Males),75 - 79 Years,581
2019,Other Ethnic Groups (Males),80 - 84 Years,332
2019,Other Ethnic Groups (Males),85 - 89 Years,213
2019,Other Ethnic Groups (Males),65 Years & Over,4248
2019,Other Ethnic Groups (Males),70 Years & Over,2398
2019,Other Ethnic Groups (Males),75 Years & Over,1222
2019,Other Ethnic Groups (Males),80 Years & Over,641
2019,Other Ethnic Groups (Males),85 Years & Over,309
2019,Other Ethnic Groups (Males),90 Years & Over,96
2019,Other Ethnic Groups (Females),0  -  4 Years,3249
2019,Other Ethnic Groups (Females),5  -  9 Years,4089
2019,Other Ethnic Groups (Females),10 - 14 Years,5091
2019,Other Ethnic Groups (Females),15 - 19 Years,4447
2019,Other Ethnic Groups (Females),20 - 24 Years,3634
2019,Other Ethnic Groups (Females),25 - 29 Years,3836
2019,Other Ethnic Groups (Females),30 - 34 Years,5827
2019,Other Ethnic Groups (Females),35 - 39 Years,8188
2019,Other Ethnic Groups (Females),40 - 44 Years,8489
2019,Other Ethnic Groups (Females),45 - 49 Years,7758
2019,Other Ethnic Groups (Females),50 - 54 Years,5586
2019,Other Ethnic Groups (Females),55 - 59 Years,3683
2019,Other Ethnic Groups (Females),60 - 64 Years,2239
2019,Other Ethnic Groups (Females),65 - 69 Years,1370
2019,Other Ethnic Groups (Females),70 - 74 Years,849
2019,Other Ethnic Groups (Females),75 - 79 Years,490
2019,Other Ethnic Groups (Females),80 - 84 Years,404
2019,Other Ethnic Groups (Females),85 - 89 Years,264
2019,Other Ethnic Groups (Females),65 Years & Over,3567
2019,Other Ethnic Groups (Females),70 Years & Over,2197
2019,Other Ethnic Groups (Females),75 Years & Over,1348
2019,Other Ethnic Groups (Females),80 Years & Over,858
2019,Other Ethnic Groups (Females),85 Years & Over,454
2019,Other Ethnic Groups (Females),90 Years & Over,190
